key,where,placeholders,en,cs
matchPreviewTitle,App-bar title on the pre-match preview screen.,,MATCH PREVIEW,NÁHLED ZÁPASU
matchKickOff,Button that starts the live match.,,Kick off,Výkop
matchTactics,Button opening the lineup & tactics editor.,,Tactics,Taktika
matchYourXi,Heading above the manager's starting eleven.,,YOUR XI,VAŠE SESTAVA
matchHeadToHead,Heading on the head-to-head record card.,,HEAD TO HEAD,VZÁJEMNÉ ZÁPASY
matchCouldNotLoad,Error shown when the match preview fails to load.,{error},Could not load match.\n{error},Zápas se nepodařilo načíst.\n{error}
matchNoUpcoming,Shown when the nation has no next fixture.,,No upcoming match.,Žádný nadcházející zápas.
matchUnknownNation,Fallback name for a nation that can't be resolved.,,Unknown,Neznámý
matchH2hFirstMeeting,Head-to-head summary when the sides have never met.,,First-ever meeting,První vzájemný zápas
matchH2hYouLead,Head-to-head summary when the manager has more wins.,,You lead the head-to-head,Vedete ve vzájemných zápasech
matchH2hOppEdge,Head-to-head summary when the opponent has more wins.,{opponent},{opponent} have the edge,Navrch má {opponent}
matchH2hEven,Head-to-head summary when wins are level.,,Honours even,Vyrovnaná bilance
matchH2hMet,Number of times the two sides have met.,{count},{count} met,{count} zápasů
matchH2hWon,Head-to-head tally label: matches won.,,Won,Výhry
matchH2hDrawn,Head-to-head tally label: matches drawn.,,Drawn,Remízy
matchH2hLost,Head-to-head tally label: matches lost.,,Lost,Prohry
matchDossierTitle,Heading on the pre-match opponent dossier card.,,Scouting report,Zpráva skautů
matchDossierForm,Label before the opponent's recent-form strip.,,FORM,FORMA
matchDossierNoGames,Shown when the opponent has no recent results.,,No recent games,Žádné nedávné zápasy
matchDossierKeyMen,Label above the opponent's danger men.,,KEY MEN,KLÍČOVÍ HRÁČI
matchCouldNotContinue,Snackbar when advancing past the match fails.,{error},Could not continue: {error},Nelze pokračovat: {error}
matchSkipToFullTime,Tooltip on the button that fast-forwards to the final whistle.,,Skip to full time,Přeskočit do konce
matchStatShots,Match stat bar label: shots.,,Shots,Střely
matchMomentum,Label on the live momentum bar.,,MOMENTUM,MOMENTUM
matchSwingAtk,Abbreviation for the attack swing from a team talk.,,ATK,ÚT
matchSwingDef,Abbreviation for the defensive swing from a team talk.,,DEF,OBR
ceremonyWorldCupYear,Opening-ceremony banner heading with the edition year.,{year},WORLD CUP {year},MISTROVSTVÍ SVĚTA {year}
ceremonyFinalsAreHere,Opening-ceremony tagline.,,THE FINALS ARE HERE,FINÁLOVÝ TURNAJ ZAČÍNÁ
ceremonyHostedBy,Opening-ceremony host line.,{hosts},HOSTED BY  {hosts},POŘÁDÁ  {hosts}
ceremonyHostTbc,Shown when the host isn't known yet.,,HOST TO BE CONFIRMED,POŘADATEL BUDE POTVRZEN
matchHalfTime,Heading on the half-time interval overlay.,,HALF TIME,POLOČAS
matchContinue,Button that resumes play from the interval.,,Continue,Pokračovat
matchTacticsWithSubs,"Tactics button on the interval overlay, with subs used.",{used} {max},Tactics · {used}/{max} subs,Taktika · {used}/{max} střídání
matchTiredCount,Live match control bar tactics pill label when players are out of energy; the substitution count is shown separately so it is never clipped.,{count},TIRED ×{count},ÚNAVA ×{count}
matchTacticsLabel,Live match control bar tactics pill label when no players are tired.,,TACTICS,TAKTIKA
teamOverallOverTime,Heading over the chart of a nation's overall rating by year.,,OVERALL OVER TIME,VÝVOJ CELKOVÉHO HODNOCENÍ
teamOverall,Label for a team's overall rating (the mean of its best eleven).,,Overall,Celkový přehled
teamTalkHeading,Heading above the interval team-talk options.,,TEAM TALK,PORADA TÝMU
teamTalkPrompt,Prompt shown before a team talk is chosen.,,Set the tone for the second half.,Nastavte tón pro druhý poločas.
teamTalkCalmLabel,Team-talk tone button label.,,Calm heads,Chladné hlavy
teamTalkCalmBlurb,Team-talk tone description.,,Steady the side. A small all-round lift.,Uklidněte tým. Mírné celkové zlepšení.
teamTalkEncourageLabel,Team-talk tone button label.,,Encourage,Povzbuzení
teamTalkEncourageBlurb,Team-talk tone description.,,Push forward and go for the game.,Zatlačte dopředu a jděte si pro zápas.
teamTalkDemandMoreLabel,Team-talk tone button label.,,Demand more,Žádejte víc
teamTalkDemandMoreBlurb,Team-talk tone description.,,Throw everything at it. Attack hard.,Vsaďte vše na útok. Zaútočte naplno.
teamTalkPraiseLabel,Team-talk tone button label.,,Keep it tight,Držte to vzadu
teamTalkPraiseBlurb,Team-talk tone description.,,Stay compact and protect what you have.,Zůstaňte kompaktní a udržte si náskok.
teamTalkBelieveLabel,Team-talk tone button label.,,Believe,Věřte si
teamTalkBelieveBlurb,Team-talk tone description.,,Back yourselves. A lift at both ends of the pitch.,Věřte si. Zlepšení na obou koncích hřiště.
teamTalkFocusLabel,Team-talk tone button label.,,Stay switched on,Zůstaňte koncentrovaní
teamTalkFocusBlurb,Team-talk tone description.,,Total concentration. Lock the game down.,Naprostá koncentrace. Zamkněte zápas.
teamTalkUrgencyLabel,Team-talk tone button label.,,Sense of urgency,Pocit naléhavosti
teamTalkUrgencyBlurb,Team-talk tone description.,,"Chase it down now. All-out, and it leaves gaps.","Hned to dožeňte. Vše dopředu, otevřete obranu."
teamTalkReassureLabel,Team-talk tone button label.,,No pressure,Žádný tlak
teamTalkReassureBlurb,Team-talk tone description.,,Settle the nerves and keep your shape.,Uklidněte nervy a držte rozestavení.
commonRetry,Generic retry button on an error placeholder.,,Retry,Zkusit znovu
commonSomethingWentWrong,Generic error-placeholder heading.,,Something went wrong,Něco se pokazilo
commonCrashBox,Shown in place of a widget subtree that failed to build.,,Something went wrong here.\nSettings → Diagnostics has the details.,Tady se něco pokazilo.\nPodrobnosti najdete v Nastavení → Diagnostika.
hubCouldNotAdvance,Snackbar when a hub action that simulates the world fails.,{error},Could not advance the world: {error},Svět se nepodařilo posunout: {error}
settingsDiagnosticsTitle,Settings row opening the on-device error log.,,Diagnostics,Diagnostika
settingsDiagnosticsBlurb,Explains what the diagnostics log is and that it stays local.,,Errors recorded on this device. Nothing is sent anywhere.,Chyby zaznamenané v tomto zařízení. Nikam se neodesílají.
diagnosticsEmpty,Placeholder when the error log is empty.,,No errors recorded. That's the idea.,Žádné chyby. Přesně tak to má být.
diagnosticsCopy,Button copying the whole error log to the clipboard.,,Copy,Kopírovat
diagnosticsCopied,Confirmation that the log was copied.,,Log copied to the clipboard.,Záznam zkopírován do schránky.
diagnosticsClear,Button emptying the error log.,,Clear,Vymazat
navHub,Bottom navigation label for the hub tab.,,Hub,Rozcestník
navSquad,Bottom navigation label for the squad/tactics tab.,,Squad,Tým
navStandings,Bottom navigation label for the tournaments/standings tab.,,Standings,Tabulky
navCareers,Bottom navigation label for the careers tab.,,My Career,Moje kariéra
settingsTitle,App-bar title on the settings screen.,,SETTINGS,NASTAVENÍ
settingsSoundHapticsTitle,Sound-and-haptics toggle label.,,Sound & haptics,Zvuk a vibrace
settingsSoundHapticsBlurb,Sound-and-haptics toggle description.,,"Vibration and a short tone on goals, kick-off and full time.","Vibrace a krátký tón při gólech, výkopu a konci zápasu."
settingsLanguageTitle,Language selector label.,,Language,Jazyk
settingsLanguageBlurb,Language selector description.,,"Choose the app language, or follow your device.","Vyberte jazyk aplikace, nebo použijte jazyk zařízení."
settingsLanguageSystem,Language option: follow the device language.,,System,Systém
settingsLanguageEnglish,Language option: English.,,English,Angličtina
settingsLanguageCzech,Language option: Czech (in Czech).,,Čeština,Čeština
recordsMeetings,App-bar title on the head-to-head meetings list.,,MEETINGS,ZÁPASY
recordsLegends,Legends screen title / banner.,,LEGENDS,LEGENDY
recordsAllTimeXi,Heading over the all-time best eleven.,,ALL-TIME XI,JEDENÁCTKA HISTORIE
recordsHallOfFame,Heading over the hall-of-fame list.,,HALL OF FAME,SÍŇ SLÁVY
recordsAllTimeWorld,Title of the global all-time records screen / nav card.,,ALL-TIME WORLD,SVĚTOVÉ REKORDY
recordsAllTimeTopScorers,Leaderboard heading.,,ALL-TIME TOP SCORERS,NEJLEPŠÍ STŘELCI HISTORIE
recordsMostCapped,Leaderboard heading (global most caps).,,MOST CAPPED,NEJVÍCE STARTŮ
recordsMostWcStarts,Leaderboard heading.,,MOST WORLD CUP STARTS,NEJVÍCE STARTŮ NA MS
recordsMostTournaments,Leaderboard heading.,,MOST TOURNAMENTS ATTENDED,NEJVÍCE ODEHRANÝCH TURNAJŮ
recordsRecordBook,Record book screen title.,,RECORD BOOK,KNIHA REKORDŮ
recordsHeadToHead,Head-to-head screen title / nav card.,,HEAD TO HEAD,VZÁJEMNÉ ZÁPASY
recordsFiercestRival,Heading on the fiercest-rival card.,,FIERCEST RIVAL,NEJVĚTŠÍ RIVAL
recordsMostCaps,Leaderboard heading (nation most caps).,,MOST CAPS,NEJVÍCE STARTŮ
recordsTopScorers,Leaderboard heading.,,TOP SCORERS,NEJLEPŠÍ STŘELCI
recordsMostAssists,Leaderboard heading.,,MOST ASSISTS,NEJVÍCE ASISTENCÍ
recordsYourRecord,Heading over the manager's head-to-head ledger.,,YOUR RECORD,VAŠE BILANCE
recordsHome,Label over the home nation slot in head-to-head.,,HOME,DOMA
recordsAway,Label over the away nation slot in head-to-head.,,AWAY,VENKU
recordsActive,Badge every all-time chart puts on a player who is still playing.,,ACTIVE,AKTIVNÍ
recordsStillActive,Legend text next to the active marker dot.,,Still active,Stále aktivní
recordsAvg,Tiny label under a legend's average rating.,,avg,prům.
recordsSelect,Placeholder in an empty nation slot.,,Select,Vybrat
recordsVs,Separator between the two nation slots.,,vs,vs
recordsDraws,Tally label for drawn meetings.,,Draws,Remízy
recordsGoalsLabel,Stat-row label for goals.,,Goals,Góly
recordsBestFinish,Team-record row label.,,Best finish,Nejlepší umístění
recordsNoFinalsYet,Record book: the nation has never reached the World Championship finals.,,No finals appearance yet,Zatím žádná účast na závěrečném turnaji
recordsLongestUnbeaten,Team-record row label.,,Longest unbeaten,Nejdelší neporazitelnost
recordsBiggestWin,Team-record / stat-row label for biggest win.,,Biggest win,Nejvyšší výhra
recordsSeeAllMeetings,Button opening the full meetings list.,,See all meetings,Zobrazit všechny zápasy
recordsSaveNotFound,Shown when the save can't be loaded.,,Save not found.,Uložená hra nenalezena.
recordsNoMatches,Shown when a search returns no leaders.,,No matches.,Žádné výsledky.
recordsSearchPlayerOrNation,Search box hint on the all-time records screen.,,Search player or nation,Hledat hráče nebo zemi
recordsSearchNation,Search box hint in the nation picker.,,Search nation,Hledat zemi
recordsPickTwoDifferent,Hint when the same nation is picked twice.,,Pick two different nations.,Vyberte dvě různé země.
recordsPlayToBuildRecord,Empty state for the head-to-head ledger.,,Play some matches and your record against each opponent will build here.,Odehrajte nějaké zápasy a vaše bilance proti jednotlivým soupeřům se zde postupně objeví.
recordsTapOpponent,Sub-heading under the head-to-head ledger.,,Tap an opponent for the full breakdown.,Klepněte na soupeře pro úplný přehled.
recordsEdgeUpperHand,Rivalry edge label when winning the head-to-head.,,You hold the upper hand,Máte navrch
recordsEdgeTheirNumber,Rivalry edge label when losing the head-to-head.,,They have your number,Mají nad vámi navrch
recordsEdgeEven,Rivalry edge label when the head-to-head is level.,,Honours even,Vyrovnaná bilance
recordsAllTimeWorldSubtitle,Subtitle on the all-time world nav card.,,"Global scorers & most-capped, every nation","Světoví střelci a nejvíce startů, všechny země"
recordsHeadToHeadSubtitle,Subtitle on the head-to-head nav card.,,Compare any two nations’ all-time record,Porovnejte historickou bilanci dvou zemí
recordsLegendsSubtitle,Subtitle on the legends banner.,,All-time XI & hall of fame,Jedenáctka historie a síň slávy
recordsUnitGoals,Unit appended to a goal tally on a leaderboard.,,goals,gólů
recordsUnitCaps,Unit appended to a caps tally on a leaderboard.,,caps,startů
recordsUnitStarts,Unit appended to a World Championship starts tally.,,starts,startů
recordsUnitCups,Unit appended to a tournaments-attended tally.,,cups,turnajů
recordsUnitAssists,Unit appended to an assists tally on a leaderboard.,,assists,asistencí
recordsCapsCount,Legend tally: number of caps.,{count},{count} caps,{count} startů
recordsGoalsCount,Legend tally: number of goals.,{count},{count} goals,{count} gólů
recordsAssistsCount,Legend tally: number of assists.,{count},{count} assists,{count} asistencí
recordsMotmCount,Legend tally: number of man-of-the-match awards.,{count},{count} MOTM,{count} MOTM
recordsMatchesCount,Value for the longest-unbeaten team record.,{count},{count} matches,{count} zápasů
recordsMeetingsCount,Number of head-to-head meetings.,{count},{count} meetings,{count} zápasů
recordsCodeWins,Tally label: wins for the nation with this three-letter code.,{code},{code} wins,výhry {code}
recordsMeetingsWdl,Head-to-head summary line: meetings and win/draw/loss counts.,{meetings} {wins} {draws} {losses},{meetings} meetings · {wins}W {draws}D {losses}L,{meetings} zápasů · {wins}V {draws}R {losses}P
recordsWdl,Win/draw/loss record chunk used inside the rivalry summary.,{wins} {draws} {losses},{wins}W {draws}D {losses}L,{wins}V {draws}R {losses}P
recordsRivalLine,"Fiercest-rival summary line combining meetings, W-D-L record and edge phrase.",{meetings} {record} {edge},{meetings} meetings · {record} · {edge},{meetings} zápasů · {record} · {edge}
recordsNeverMet,Shown when two nations have no meetings in the save.,{a} {b},{a} and {b} have never met in this save.,{a} a {b} se v této hře nikdy nepotkali.
tacticsSentOffNote,"In-match tactics: names the player(s) sent off, who cannot be substituted.",{names},"{names} sent off. No replacement, so you play a man down.","{names} vyloučen. Bez náhrady, hrajete v oslabení."
tacticsNeedFitPlayers,Call-up screen: the squad is the right size but too few of its players are fit to field an XI.,{required} {have},Need {required} available ({have} fit),Potřeba {required} k dispozici ({have} fit)
tacticsMissesOfCamp,"Call-up row: how many of THIS squad's matches the player sits out, out of the matches it covers.",{missed} {total},Misses {missed}/{total},Chybí {missed}/{total}
tacticsOutForWholeCamp,"Call-up screen: shown when a player is tapped who cannot play in any of the matches this squad covers, so he may not be named.",,Out for this whole call-up,Chybí v celé této nominaci
rankingCentreOnMe,World ranking action: scroll back to the manager's own nation.,,Centre on my nation,Vycentrovat na můj tým
recordsAfterExtraTime,Marks a meeting that was decided in extra time.,,a.e.t.,po prodl.
recordsOnPenalties,"Marks a meeting decided by a penalty shootout, with the shootout score from the viewing nation's point of view.",{a} {b},{a}–{b} pens,{a}–{b} na pen.
recordsVersus,Heading pairing two nation names on the meetings list.,{a} {b},{a} vs {b},{a} vs {b}
recordsPlayedScore,Ledger row: matches played and aggregate goals for–against.,{played} {gf} {ga},{played} played · {gf}–{ga},{played} odehráno · {gf}–{ga}
recordsBiggestWinValue,Biggest-win team record: score and opponent name.,{gf} {ga} {opp},{gf}–{ga} v {opp},{gf}–{ga} s {opp}
recordsCouldNotLoad,Error state on the meetings list.,{error},Could not load.\n{error},Nepodařilo se načíst.\n{error}
recordsCouldNotLoadLegends,Error state on the legends screen.,{error},Could not load legends.\n{error},Nepodařilo se načíst legendy.\n{error}
recordsCouldNotLoadRecords,Error state on the records screens.,{error},Could not load records.\n{error},Nepodařilo se načíst rekordy.\n{error}
recordsCouldNotLoadNations,Error state when the nations list fails to load.,{error},Could not load nations.\n{error},Nepodařilo se načíst země.\n{error}
recordsCouldNotLoadYourRecord,Error state on the head-to-head ledger.,{error},Could not load your record.\n{error},Nepodařilo se načíst vaši bilanci.\n{error}
recordsCouldNotLoadRecord,Error state on a single head-to-head record.,{error},Could not load record.\n{error},Nepodařilo se načíst bilanci.\n{error}
recordsNoLegends,Empty state on the legends screen.,{nation},No legends yet. Play out some campaigns and {nation}’s greats will emerge here.,Zatím žádné legendy. Odehrajte několik kampaní a objeví se zde velikáni týmu {nation}.
recordsGreatestSide,Sub-heading under the all-time XI.,{nation},The greatest side {nation} could ever field.,"Nejlepší sestava, jakou kdy {nation} mohl postavit."
recordsNoWorldHistory,Empty state on the all-time world records screen.,,The world has no history yet. Play out some campaigns and the all-time greats will appear here.,Svět zatím nemá žádnou historii. Odehrajte několik kampaní a objeví se zde největší legendy.
recordsPlayToWriteHistory,Empty state on the record book.,{nation},Play some matches to start writing {nation}’s history.,Odehrajte nějaké zápasy a začněte psát historii týmu {nation}.
tacticsLineGk,"Short name for the goalkeepers line, on the call-up tabs.",,GK,BR
tacticsLineDef,"Short name for the defenders line, on the call-up tabs.",,DEF,OBR
tacticsLineMid,"Short name for the midfielders line, on the call-up tabs.",,MID,ZÁL
tacticsLineFwd,"Short name for the forwards line, on the call-up tabs.",,FWD,ÚT
tacticsGoalkeepers,Position-group heading on the call-ups list.,,GOALKEEPERS,BRANKÁŘI
tacticsDefenders,Position-group heading on the call-ups list.,,DEFENDERS,OBRÁNCI
tacticsMidfielders,Position-group heading on the call-ups list.,,MIDFIELDERS,ZÁLOŽNÍCI
tacticsForwards,Position-group heading on the call-ups list.,,FORWARDS,ÚTOČNÍCI
tacticsCallUpsTitle,App-bar title on the call-ups screen.,,CALL-UPS,NOMINACE
tacticsPickAtLeastPlayers,Snackbar when the squad is too small to save.,{min},Pick at least {min} players.,Vyberte alespoň {min} hráčů.
tacticsCouldNotLoadSquad,Error shown when the squad data fails to load.,{error},Could not load squad.\n{error},Nepodařilo se načíst kádr.\n{error}
tacticsNoSquad,Shown when there is no squad data.,,No squad.,Žádný kádr.
tacticsSquadCount,Header showing how many players are picked out of the maximum.,{count} {max},SQUAD · {count}/{max},KÁDR · {count}/{max}
tacticsMinMax,Minimum and maximum allowed squad size.,{min} {max},Min {min} · Max {max},Min {min} · Max {max}
tacticsBestQuality,Button that auto-picks the best available squad.,,Best quality,Nejlepší kvalita
tacticsPreviousSquad,Button that restores the previously named squad.,,Previous squad,Předchozí kádr
tacticsSquadLockedBack,Button shown when the squad is locked; returns to the previous screen.,,Back (squad locked),Zpět (kádr uzamčen)
tacticsConfirmSquad,Button that confirms and saves the picked squad.,,Confirm squad,Potvrdit kádr
tacticsSquadFullMax,Snackbar when trying to add past the squad limit.,{max},Squad full (max {max}),Kádr je plný (max {max})
tacticsSquadLocked,Banner heading when the squad cannot be changed.,,SQUAD LOCKED,KÁDR UZAMČEN
tacticsNominationOpen,Banner heading when the nomination window is open.,,NOMINATION OPEN. PICK YOUR SQUAD,NOMINACE OTEVŘENA. VYBERTE KÁDR
tacticsSquadFixedBlurb,Explanation shown when the squad is locked.,,This squad is fixed for the matches below. Re-select before the next nomination window.,Tento kádr je pevně daný pro zápasy níže. Znovu jej vyberte před dalším nominačním oknem.
tacticsSquadWillPlayBlurb,Explanation shown when the nomination window is open.,,This squad will play the matches below.,Tento kádr odehraje zápasy níže.
tacticsUnknown,Fallback name for an unknown opponent nation.,,Unknown,Neznámý
tacticsAgeValue,A player's age and market value in the call-ups list.,{age} {value},Age {age} · {value},Věk {age} · {value}
tacticsFatigueExhausted,Fatigue tag for an exhausted player.,,Exhausted,Vyčerpaný
tacticsFatigueTired,Fatigue tag for a tired player.,,Tired,Unavený
tacticsFatigueMatchLegs,Fatigue tag for a player carrying match fatigue.,,Match legs,Rozehraný
tacticsTooManySubs,Snackbar when the sub limit is exceeded in the in-match editor.,{max},Too many substitutions (max {max}).,Příliš mnoho střídání (max {max}).
tacticsMinuteTitle,"App-bar title of the in-match tactics editor, with the current minute.",{minute},TACTICS · {minute}',TAKTIKA · {minute}'
tacticsApply,Action that applies the in-match tactical changes.,,APPLY,POUŽÍT
tacticsTabLineupSubs,Tab for the pitch and bench in the in-match editor.,,LINEUP & SUBS,SESTAVA A STŘÍDÁNÍ
tacticsTabTactics,Tab for formation and instructions in the in-match editor.,,TACTICS,TAKTIKA
squadLineKeepers,Depth-chart heading for goalkeepers on the squad tab.,,KEEPERS,BRANKÁŘI
squadLineDefenders,Depth-chart heading for defenders on the squad tab.,,DEFENCE,OBRANA
squadLineMidfielders,Depth-chart heading for midfielders on the squad tab.,,MIDFIELD,ZÁLOHA
squadLineForwards,Depth-chart heading for forwards on the squad tab.,,ATTACK,ÚTOK
squadStatXiRating,Squad overview tile: mean overall of the starting eleven.,,XI rating,Hodnocení XI
squadStatAvgAge,Squad overview tile: mean age of the squad.,,Avg age,Prům. věk
squadStatSize,Squad overview tile: number of players available.,,Squad,Kádr
squadStatUnavailable,Squad overview tile: players injured or suspended.,,Out,Mimo hru
squadDepthTitle,Heading above the per-line squad depth chips.,,DEPTH BY LINE,ŠÍŘE KÁDRU PO ŘADÁCH
squadAgeShort,Compact age label on a squad row.,{age},{age}y,{age} let
tacticsSubstitutesCount,"Heading above the substitutes list, with the count.",{count},SUBSTITUTES · {count},NÁHRADNÍCI · {count}
tacticsSubsUsed,How many substitutions have been used out of the maximum.,{used} {max},SUBS · {used}/{max},STŘÍDÁNÍ · {used}/{max}
tacticsDragSubOn,Hint above the bench in the in-match editor.,,Drag a sub onto a player to bring them on.,Přetáhněte náhradníka na hráče a pošlete ho na hřiště.
tacticsNoSubs,Shown when the bench is empty.,,No substitutes available.,Žádní náhradníci k dispozici.
tacticsChooseShape,Heading of the formation picker sheet.,,CHOOSE A SHAPE,VYBERTE ROZESTAVENÍ
tacticsFormation,Heading above the formation selector.,,FORMATION,ROZESTAVENÍ
tacticsInstructions,Heading above the tactical instruction sliders.,,INSTRUCTIONS,POKYNY
tacticsDrilling,Label for the bar showing how well the side knows the shape it is playing.,,DRILLING,SEHRANOST
tacticsDrillingUnplayed,Familiarity band for a shape the side has never been fielded in.,,UNPLAYED,NEHRANÉ
tacticsDrillingNew,Familiarity band for a shape the side has only just started playing.,,NEW,NOVÉ
tacticsDrillingSettling,Familiarity band for a shape that is starting to take hold.,,SETTLING,SEHRÁVÁ SE
tacticsDrillingDrilled,Familiarity band for a shape the side knows inside out.,,DRILLED,SEHRANÉ
matchInstructionsLocked,"Shown in place of the instruction sliders during a live match, where they cannot be changed.",,"Set before kick-off. You can change shape and make substitutions, but not rewrite your approach mid-match.","Nastaveno před výkopem. Rozestavení a střídání měnit můžeš, ale herní styl už v průběhu zápasu ne."
tacticsInstrMentality,Instruction slider: overall mentality.,,Mentality,Mentalita
tacticsInstrDefensive,Low end of the mentality slider.,,Defensive,Defenzivní
tacticsInstrAttacking,High end of the mentality slider.,,Attacking,Ofenzivní
tacticsInstrPressing,Instruction slider: pressing intensity.,,Pressing,Presink
tacticsInstrLowBlock,Low end of the pressing slider.,,Low block,Nízký blok
tacticsInstrHighPress,High end of the pressing slider.,,High press,Vysoký presink
tacticsInstrTempo,Instruction slider: tempo.,,Tempo,Tempo
tacticsInstrPatient,Low end of the tempo slider.,,Patient,Trpělivé
tacticsInstrFast,High end of the tempo slider.,,Fast,Rychlé
tacticsInstrWidth,Instruction slider: width.,,Width,Šířka
tacticsInstrNarrow,Low end of the width slider.,,Narrow,Úzká
tacticsInstrWide,High end of the width slider.,,Wide,Široká
tacticsInstrDefLine,Instruction slider: defensive line (abbreviated).,,Def. line,Obr. linie
tacticsInstrDefensiveLine,Instruction slider: defensive line (full).,,Defensive line,Obranná linie
tacticsInstrDeep,Low end of the defensive-line slider.,,Deep,Hluboká
tacticsInstrHigh,High end of the defensive-line slider.,,High,Vysoká
tacticsInstrDirectness,Instruction slider: directness.,,Directness,Přímočarost
tacticsInstrPossession,Low end of the directness slider.,,Possession,Držení míče
tacticsInstrDirect,High end of the directness slider.,,Direct,Přímá hra
tacticsPickRole,Heading of the player-picker sheet for a given slot's role.,{role},PICK {role},VYBERTE {role}
tacticsRoleOutOfPosition,Subtitle noting a player is playing out of position.,{role},{role} · out of position,{role} · mimo pozici
tacticsAgeOnly,"A player's age alone, where his position is already shown as a chip beside it.",{age},Age {age},Věk {age}
tacticsRoleAge,A player's natural role and age.,{role} {age},{role} · Age {age},{role} · Věk {age}
tacticsOn,Chip marking a player already on the pitch.,,ON,HRAJE
tacticsSquad,Squad screen title and squad tab label.,,SQUAD,KÁDR
tacticsTabLineup,Tab showing the pitch and formation.,,LINEUP,SESTAVA
tacticsTabInstructions,Squad screen tab holding the playstyle and the team instruction dials.,,INSTRUCTIONS,POKYNY
tacticsTabRoles,Tab for assigning player roles.,,ROLES,ROLE
tacticsTabSetPieces,Tab for set-piece takers.,,SET PIECES,STANDARDNÍ SITUACE
tacticsTabRolesSetPieces,Merged tab: player roles and set-piece takers.,,ROLES & SET PIECES,ROLE A STANDARDKY
tacticsRolesSetPiecesBlurb,Blurb for the merged roles & set-pieces tab.,,Give each starter a role. Tap the penalty (⚽) or free-kick (▲) badge to set your taker.,Přiřaďte každému hráči roli. Klepnutím na odznak penalty (⚽) nebo přímého kopu (▲) určete vykonavatele.
tacticsTooltipCallUps,Tooltip for the call-ups action.,,Call-ups,Nominace
tacticsTooltipPresets,Tooltip for the tactic-presets action.,,Tactic presets,Uložené taktiky
tacticsTooltipInstructions,Tooltip for the team-instructions action.,,Instructions,Pokyny
tacticsNoTacticSet,Shown when there is no tactic data.,,No tactic set.,Žádná taktika není nastavena.
tacticsReplaceStarters,Warning naming how many unavailable starters must be replaced.,"PLURAL — keep the {count, plural, …} skeleton exactly; translate only the words inside the branches","{count, plural, one{REPLACE {count} STARTER} other{REPLACE {count} STARTERS}}","{count, plural, one{NAHRAĎTE {count} HRÁČE V SESTAVĚ} few{NAHRAĎTE {count} HRÁČE V SESTAVĚ} many{NAHRAĎTE {count} HRÁČE V SESTAVĚ} other{NAHRAĎTE {count} HRÁČŮ V SESTAVĚ}}"
tacticsPlayerOut,An unavailable player and the reason they are out.,{name} {reason},{name}: {reason},{name}: {reason}
tacticsOut,Fallback reason for an unavailable player.,,Out,Nehraje
tacticsTapSpotReplace,Hint on how to replace an unavailable starter.,,Tap their spot on the pitch to pick a replacement.,Klepněte na jeho místo na hřišti a vyberte náhradu.
tacticsTapOrDrag,Hint above the pitch on how to edit the XI.,,"Tap a player to swap them out, or hold and drag one to move them.","Klepnutím hráče vyměníte, podržením a tažením ho přesunete."
tacticsPlayerRoles,Heading of the roles tab.,,PLAYER ROLES,ROLE HRÁČŮ
tacticsRolesBlurb,Explanation of what player roles do.,,"Give a player a job: a poacher, a playmaker, a target man. Shapes who scores and who creates.","Dejte hráči úkol: lovec gólů, rozehrávač, cílový hrot. Ovlivňuje, kdo střílí a kdo tvoří."
tacticsSetPieceTakers,Heading of the set-pieces tab.,,SET-PIECE TAKERS,EXEKUTOŘI STANDARDEK
tacticsSetPieceBlurb,Explanation of the set-piece takers.,,"Who takes penalties and dead balls, or leave it to the best-suited player.","Kdo kope penalty a standardky, nebo to nechte na nejvhodnějším hráči."
tacticsTakerAuto,Marker on a set-piece slot nobody has been named for: the engine picks the best-suited man.,,Automatic,Automaticky
tacticsPenalties,Set-piece situation: penalties.,,Penalties,Penalty
tacticsCornersFreeKicks,Set-piece situation: corners and free-kicks.,,Corners & free-kicks,Rohy a volné kopy
tacticsSkillFin,Abbreviated skill label for finishing/shooting.,,FIN,ZAK
tacticsSkillPas,Abbreviated skill label for passing.,,PAS,PŘI
tacticsRolePlayer,Heading of the role-picker sheet for a player.,{name},ROLE · {name},ROLE · {name}
tacticsPenaltyTaker,Heading of the penalty-taker picker.,,PENALTY TAKER,EXEKUTOR PENALT
tacticsCornerFreeKickTaker,Heading of the corner/free-kick taker picker.,,CORNER & FREE-KICK TAKER,EXEKUTOR ROHŮ A VOLNÝCH KOPŮ
tacticsAutomatic,Option letting the game pick the best-suited taker.,,Automatic,Automaticky
tacticsLetBestSuited,Subtitle of the Automatic set-piece option.,,Let the best-suited player take it.,Nechte to na nejvhodnějším hráči.
tacticsInXi,Chip marking a player already in the starting XI.,,IN XI,V SESTAVĚ
tacticsTeamInstructions,Heading of the instructions sheet.,,TEAM INSTRUCTIONS,TÝMOVÉ POKYNY
tacticsTeamInstructionsBlurb,Intro on the instructions sheet.,,Set how your side plays. Each dial nudges the whole team.,"Nastavte, jak váš tým hraje. Každý posuvník ovlivní celý tým."
tacticsSavedPreset,Snackbar confirming a preset was saved.,{name},Saved “{name}”,Uloženo „{name}“
tacticsAppliedPreset,Snackbar confirming a preset was applied.,{name},Applied “{name}”,Použito „{name}“
tacticsTacticPresets,Heading of the presets sheet.,,TACTIC PRESETS,ULOŽENÉ TAKTIKY
tacticsPresetsBlurb,Intro on the presets sheet.,,"Save this shape as a reusable style, or apply one you saved earlier.","Uložte toto rozestavení jako znovupoužitelný styl, nebo použijte dříve uložený."
tacticsSaveCurrentTactic,Button that saves the current shape and instructions as a preset.,,Save current tactic,Uložit aktuální taktiku
tacticsCouldNotLoadPresets,Error shown when presets fail to load.,{error},Could not load presets.\n{error},Nepodařilo se načíst uložené taktiky.\n{error}
tacticsNoPresetsYet,Empty state on the presets sheet.,,No presets yet. Tap “Save current tactic” to store this setup as a reusable style.,Zatím žádné uložené taktiky. Klepnutím na „Uložit aktuální taktiku“ uložíte toto nastavení jako znovupoužitelný styl.
tacticsNameThisTactic,Title of the dialog naming a new preset.,,Name this tactic,Pojmenujte taktiku
tacticsNameHint,Hint text in the preset-name field.,,e.g. High press 4-3-3,např. Vysoký presink 4-3-3
tacticsCancel,Dismiss the name-preset dialog.,,Cancel,Zrušit
tacticsSave,Confirm the name-preset dialog.,,Save,Uložit
tacticsTapToAssign,Shown when a player has no role assigned.,,Tap to assign,Klepnutím přiřadit
tacticsHoldDragSub,Hint above the substitutes list on the squad tab.,,"Hold a sub, then drag them onto a player to bring them on.","Podržte náhradníka a přetáhněte ho na hráče, kterého chcete vystřídat."
tacticsUnavailableCount,"Heading of the unavailable-players list, with the count.",{count},UNAVAILABLE · {count},NEDOSTUPNÍ · {count}
hubContinue,Button to continue to the next screen.,,Continue,Pokračovat
hubBrackets,Label/tab for the knockout brackets.,,Brackets,Pavouk
hubCouldNotLoad,Generic load-error message on the hub.,{error},Could not load.\n{error},Nepodařilo se načíst.\n{error}
hubCouldNotLoadFinances,Error when federation finances fail to load.,{error},Could not load finances.\n{error},Nepodařilo se načíst finance.\n{error}
hubCouldNotLoadSave,Error when the save fails to load.,{error},Could not load save.\n{error},Nepodařilo se načíst uloženou hru.\n{error}
hubSaveNotFound,Shown when the save can't be found.,,Save not found.,Uložená hra nenalezena.
hubUnknown,Fallback for an unknown value.,,Unknown,Neznámý
hubWorldChampionsYear,Banner naming the year's world champions.,{year},{year} WORLD CHAMPIONS,{year} MISTŘI SVĚTA
hubCycleComplete,Message that the cycle has ended.,,The cycle is complete.,Cyklus je u konce.
hubYourJob,Heading over the manager's current job.,,YOUR JOB,VAŠE MÍSTO
hubStayProject,Option to stay with the current nation.,,Stay and continue your project,Zůstaňte a pokračujte ve svém projektu
hubChooseNextJob,Heading prompting the next job choice.,,CHOOSE YOUR NEXT JOB,VYBERTE SI DALŠÍ ANGAŽMÁ
hubOffersOnTable,Heading over the list of job offers.,,OFFERS ON THE TABLE,NABÍDKY NA STOLE
hubOfferSubtitle,Job-offer subtitle with tier and world position.,{tier} {position},{tier} · world #{position},{tier} · #{position} na světě
hubContinueWith,Button to continue with a given nation.,{nation},Continue with {nation},Pokračovat s {nation}
hubYourNation,Fallback phrase for the manager's nation.,,your nation,vaším národem
hubTakeTheJob,Button to accept a job offer.,,Take the job,Přijmout nabídku
hubFederationFinances,Heading of the federation finances panel.,,FEDERATION FINANCES,FINANCE SVAZU
hubBudgetIntro,Intro explaining the budget-setting task.,,Your first job next cycle is to set the federation budget and split it across the departments.,Vaším prvním úkolem v příštím cyklu bude sestavit rozpočet svazu a rozdělit ho mezi jednotlivé úseky.
hubStarting,Progress label while the next cycle starts.,,Starting…,Spouštění…
hubBeginNextCycle,Button to begin the next cycle.,,Begin next cycle,Zahájit další cyklus
hubOpeningBalance,Finances row: opening balance.,,Opening balance,Počáteční zůstatek
hubCentralFunding,Finances row: central funding.,,Central funding,Centrální dotace
hubPrizeMoney,Finances row: prize money.,,Prize money,Prémie
hubCommercialReturn,Finances row: commercial return.,,Commercial return,Komerční příjmy
hubAvailableToInvest,Finances row: total available to invest.,,Available to invest,K dispozici k investování
hubReputation,Reputation label with tier and value.,{label} {rep},Reputation: {label} ({rep}),Reputace: {label} ({rep})
hubNationalHero,Reputation tier: national hero.,,National hero,Národní hrdina
hubFinal,Label for the final.,,Final,Finále
hubStageRoundOf32,Knockout round name: the round of 32.,,Round of 32,Šestnáctifinále
hubStageThirdPlace,Knockout round name: the third-place play-off.,,Third-place play-off,O 3. místo
hubEventAdvanceWorld,Hub action: quick-sim to the next event.,,Advance the world,Posunout svět dál
hubEventStartCycle,Hub action: begin the next World Championship cycle.,{year},Start {year} cycle,Zahájit cyklus {year}
hubEventWorldChampions,Hub subtitle naming the reigning World Championship winner.,{nation},{nation} are World Champions,{nation} jsou mistři světa
hubEventSetBudget,Hub action: allocate the federation budget.,,Set your federation budget,Nastavte rozpočet federace
hubEventSetBudgetSub,Hub subtitle for the budget step.,,Allocate this cycle’s war chest before the season begins,Rozdělte prostředky tohoto cyklu před začátkem sezóny
hubEventNaturalization,Hub action: decide on a naturalisation.,,Review naturalisation offer,Posoudit nabídku naturalizace
hubEventNaturalizationSub,Hub subtitle for the naturalisation step.,,A foreign player wants to switch allegiance to you,Zahraniční hráč chce přejít do vaší reprezentace
hubEventIntercontinentalPlayoff,Hub action: the intercontinental play-off.,,The intercontinental play-off,Mezikontinentální baráž
hubEventWatchWcDraw,Hub action: watch the World Championship finals draw.,,Watch the World Championship draw,Sledovat los mistrovství světa
hubEventWorldCupHere,Hub action: the World Championship opening ceremony.,,The World Championship is here,Mistrovství světa je tady
hubEventWatchFinalsDraw,Hub action: watch the continental finals draw.,,Watch the finals draw,Sledovat los závěrečného turnaje
hubEventFinalsHere,Hub action: the continental opening ceremony.,,The finals are here,Závěrečný turnaj je tady
hubEventPlayWcRound,Hub action: step the World Championship forward one round.,,Play the next World Championship round,Odehrát další kolo MS
hubEventPlayCupMatch,Hub action: step a continental cup forward one match.,{cup},Play the next {cup} match,Odehrát další zápas: {cup}
hubEventPlayNationsCupMatch,Hub action: step the Nations Cup forward.,,Play the next Nations Cup match,Odehrát další zápas Poháru národů
hubEventWatchNationsCupDraw,Hub action: watch the Nations Cup draw.,,Watch the Nations Cup draw,Sledovat los Poháru národů
hubEventWatchHostSelection,Hub action: watch the continental host selection.,,Watch the host selection,Sledovat volbu pořadatele
hubEventWatchQualifyingDraw,Hub action: watch the continental qualifying draw.,,Watch the qualifying draw,Sledovat kvalifikační los
hubEventWatchWcHostSelection,Hub action: watch the World Championship host selection.,,Watch the World Championship host selection,Sledovat volbu pořadatele MS
hubEventWatchWcQualifyingDraw,Hub action: watch the World Championship qualifying draw.,,Watch the World Championship qualifying draw,Sledovat kvalifikační los MS
hubEventArrangeFriendlies,Hub action: arrange friendlies.,,Arrange friendlies,Domluvit přátelské zápasy
hubEventFriendliesSub,Hub subtitle: unarranged friendly windows.,"PLURAL — keep the {count, plural, …} skeleton exactly; translate only the words inside the branches","{count, plural, =1{You haven’t filled your open friendly window yet} other{You haven’t filled your {count} open friendly windows yet}}","{count, plural, =1{Zatím jste nevyužili své volné okno pro přátelský zápas} few{Zatím jste nevyužili svá {count} volná okna pro přátelské zápasy} other{Zatím jste nevyužili svých {count} volných oken pro přátelské zápasy}}"
hubEventReshapeXi,Hub action: fix the starting XI after a ban/injury.,,Reshape your starting XI,Upravte základní sestavu
hubEventReshapeOutSub,Hub subtitle: XI players unavailable.,"PLURAL — keep the {count, plural, …} skeleton exactly; translate only the words inside the branches","{count, plural, =1{1 of your XI is out (suspended or injured). Pick their replacement} other{{count} of your XI are out (suspended or injured). Pick their replacements}}","{count, plural, =1{1 hráč základní sestavy chybí (trest nebo zranění). Vyberte náhradu} few{{count} hráči základní sestavy chybí (trest nebo zranění). Vyberte náhrady} other{{count} hráčů základní sestavy chybí (trest nebo zranění). Vyberte náhrady}}"
hubEventReshapeShortSub,Hub subtitle: XI not full.,"PLURAL — keep the {count, plural, …} skeleton exactly; translate only the words inside the branches","{count, plural, =1{Your starting XI is short. Fill the open slot} other{Your starting XI is short. Fill the open slots}}","{count, plural, =1{Základní sestava není kompletní. Obsaďte volné místo} other{Základní sestava není kompletní. Obsaďte volná místa}}"
hubEventPlayOpponent,Hub action: play the next match against an opponent.,{opponent},Play {opponent},Hrát proti {opponent}
hubEventContinentalFinalsFallback,Fallback name when a continental cup name is unknown.,,the continental finals,kontinentální šampionát
hubCallUpFriendlies,Call-up label before a friendly window.,,Name your squad for the friendlies,Nominujte tým na přátelské zápasy
hubCallUpRequalify,Call-up label at qualifying matchday 6.,,Re-name your qualifying squad,Znovu nominujte kvalifikační tým
hubCallUpWorldCup,Call-up label before the World Championship group stage.,,Name your World Championship squad,Nominujte tým na MS
hubCallUpFinals,Call-up label before a continental finals.,,Name your squad for the finals,Nominujte tým na závěrečný turnaj
hubCallUpNationsCup,Call-up label before the Nations Cup.,,Name your Nations Cup squad,Nominujte tým na Pohár národů
hubCallUpQualifying,Call-up label before a qualifying campaign.,,Name your qualifying squad,Nominujte kvalifikační tým
hubCallUpGeneric,Generic call-up label.,,Name your squad,Nominujte tým
hubHost,Label marking the host nation.,,Host,Pořadatel
hubGoldenBoot,Award label: Golden Boot.,,Golden Boot,Zlatá kopačka
hubGoldenBootValue,Golden Boot holder name and goal count.,{name} {goals},{name} · {goals} goals,{name} · {goals} gólů
hubPens,Suffix marking a result decided on penalties.,,(pens),(pen.)
hubNationalHub,Title of the national hub screen.,,NATIONAL HUB,NÁRODNÍ CENTRÁLA
hubMessages,Label for the messages inbox.,,Messages,Zprávy
hubWorldChampions,Banner label for the world champions.,,WORLD CHAMPIONS,MISTŘI SVĚTA
hubViewBracket,Button opening the tournament bracket.,,View bracket ›,Zobrazit pavouka ›
hubBoardDelighted,Board-confidence level: delighted.,,Delighted,Nadšené
hubBoardPleased,Board-confidence level: pleased.,,Pleased,Spokojené
hubBoardExpectingMore,Board-confidence level: expecting more.,,Expecting more,Očekává víc
hubBoardConcerned,Board-confidence level: concerned.,,Concerned,Znepokojené
hubBoardJobAtRisk,Board-confidence level: job at risk.,,Job at risk,Místo v ohrožení
hubBoard,Heading of the board panel.,,BOARD,VEDENÍ
hubBoardObjective,Board objective line with its label.,{label},Board objective: {label},Cíl vedení: {label}
hubObjectiveMet,"Objective met, with the result.",{result},MET · {result},SPLNĚNO · {result}
hubObjectiveMissed,"Objective missed, with the result.",{result},MISSED · {result},NESPLNĚNO · {result}
hubNoMoreFixtures,Shown when no fixtures remain this cycle.,,No more fixtures this cycle.,V tomto cyklu už nejsou žádné zápasy.
hubNextMatch,Heading above the next match card.,,NEXT MATCH,PŘÍŠTÍ ZÁPAS
hubVs,Versus separator between two teams.,,VS,VS
hubSquadStatus,Heading of the squad-status panel.,,SQUAD STATUS,STAV KÁDRU
hubPlayers,Player count.,{count},{count} players,{count} hráčů
hubAvgRating,Label for the squad average rating.,,Avg rating,Prům. hodnocení
hubMorale,Label for squad morale.,,Morale,Morálka
hubManageTeam,Button to open team management.,,Manage Team,Spravovat tým
hubGroupsToBeDrawn,Shown before the group draw has happened.,,Groups to be drawn. Watch the draw to reveal them.,Skupiny budou vylosovány. Sledujte losování a odhalte je.
hubGroupName,Group heading with its letter.,{name},GROUP {name},SKUPINA {name}
hubTblTeam,Standings column header: team.,,TEAM,TÝM
hubTblP,Standings column header: played.,,P,Z
hubTblGd,Standings column header: goal difference.,,GD,GD
hubTblPts,Standings column header: points.,,PTS,B
homeSettings,Button opening settings.,,Settings,Nastavení
homeLeadTheNation,Home-screen tagline.,,LEAD THE NATION,VEĎTE NÁROD
homeYourNation,Fallback phrase for the player's nation.,,your nation,váš národ
homeNewGame,Button starting a new game.,,New Game,Nová hra
homeAllSaves,Button opening the saves list.,,All saves,Všechny uložené hry
homeLoadGame,Button loading an existing game.,,Load game,Načíst hru
homeContinue,Heading over the continue card.,,CONTINUE,POKRAČOVAT
homeRoadToWorldCup,Continue-card subtitle with date and World Championship year.,{date} {year},{date} · Road to the {year} World Championship,{date} · Cesta na MS {year}
careerManageSaves,Button to manage saved games.,,Manage saves,Spravovat uložení
careerNewGameTitle,App-bar title on the new-game screen.,,NEW GAME,NOVÁ HRA
careerCouldNotLoadNation,Error when the nation fails to load.,{error},Could not load nation.\n{error},Reprezentaci se nepodařilo načíst.\n{error}
careerNationNotFound,Shown when the nation can't be found.,,Nation not found.,Reprezentace nenalezena.
careerWorldRankNum,World rank line with the rank number.,{rank},WORLD RANK #{rank},SVĚTOVÉ POŘADÍ #{rank}
careerManagerName,Label for the manager-name field.,,Manager name,Jméno trenéra
careerManagerNameHint,Hint text for the manager-name field.,,e.g. Alex Ferguson,např. Alex Ferguson
careerBeginsBlurb,Intro describing when the career begins.,,"Your career begins in September 2026, on the road to the 2030 World Championship.","Vaše kariéra začíná v září 2026, na cestě na mistrovství světa 2030."
careerFreeCycleNote,Note under the new-game blurb saying what is free and what the one-time purchase unlocks.,,"The first full cycle is free: qualifying, your continental championship and the World Championship. Carrying on afterwards, and extra save slots, unlock once for €12.99.","První cyklus je zdarma celý: kvalifikace, kontinentální šampionát i mistrovství světa. Pokračování po něm a další pozice pro uložení odemknete jednorázově za 12,99 €."
careerStartCareer,Button starting the career.,,Start Career,Začít kariéru
careersTitle,App-bar title on the careers screen.,,CAREERS,KARIÉRY
careerManagerCareer,Nav card: manager career.,,Manager career,Trenérská kariéra
careerManagerCareerSubtitle,Subtitle of the manager-career card.,,Every cycle you've managed and your overall record,Přehled všech vašich cyklů a celková bilance
careerSummaryTitle,Nav card: career summary.,,Career summary,Přehled kariéry
careerSummarySubtitle,Subtitle of the career-summary card.,,Your trophy cabinet and manager record,Vaše sbírka trofejí a trenérská bilance
careerAchievements,Nav card: achievements.,,Achievements,Úspěchy
careerAchievementsSubtitle,Subtitle of the achievements card.,,"Milestones, titles and board satisfaction","Milníky, tituly a spokojenost vedení"
careerTeamRecords,Nav card: team records.,,Team records,Týmové rekordy
careerTeamRecordsSubtitle,Subtitle of the team-records card.,,All-time top scorers and appearances,Historicky nejlepší střelci a počty startů
careerMyMatches,Nav card: my matches.,,My matches,Moje zápasy
careerMyMatchesSubtitle,Subtitle of the my-matches card.,,Every result and upcoming fixture,Všechny výsledky a nadcházející zápasy
careerTitle,App-bar title on the career screen.,,CAREER,KARIÉRA
careerCouldNotLoadCareer,Error when the career fails to load.,{error},Could not load career.\n{error},Kariéru se nepodařilo načíst.\n{error}
careerNoCareer,Shown when there is no career data.,,No career.,Žádná kariéra.
careerTrophyCabinet,Heading of the trophy cabinet.,,TROPHY CABINET,SBÍRKA TROFEJÍ
careerTournamentHistory,Heading of the tournament history list.,,TOURNAMENT HISTORY,HISTORIE TURNAJŮ
careerNoTournamentsYet,Empty state for tournament history.,,No tournaments completed yet.,Zatím žádné dokončené turnaje.
careerTeamFallback,Fallback label for a team.,,Team,Tým
careerWorldNum,World ranking chip.,{rank},WORLD #{rank},SVĚT #{rank}
careerPointsNum,Ranking points chip.,{points},{points} PTS,{points} B
careerSeasonNum,Season chip.,{season},SEASON {season},SEZÓNA {season}
careerStatPlayedShort,Abbreviated stat: played.,,P,Z
careerStatsHeading,Heading for the career stats grid.,,BY THE NUMBERS,V ČÍSLECH
careerStatsWinRate,Career stat tile label.,,Win rate,Úspěšnost
careerStatsGoalsFor,Career stat tile label.,,Goals for,Vstřelené góly
careerStatsGoalsAgainst,Career stat tile label.,,Goals against,Obdržené góly
careerStatsGoalDiff,Career stat tile label.,,Goal diff.,Rozdíl skóre
careerStatsCleanSheets,Career stat tile label.,,Clean sheets,Čistá konta
careerStatsBiggestWin,Career stat tile label (winning margin).,,Biggest win,Nejvyšší výhra
careerStatsWinStreak,Career stat tile label (longest run).,,Win streak,Série výher
careerStatsUnbeaten,Career stat tile label (longest run).,,Unbeaten run,Neprohraná série
careerStatsShootouts,Career stat tile label (won-lost).,,Shootouts,Penaltové rozstřely
careerStatsHatTricks,Career stat tile label.,,Hat-tricks,Hattricky
careerStatsMotms,Career stat tile label (MOTM awards).,,Man of the match,Muž zápasu
careerStatsBestRating,Career stat tile label.,,Best rating,Nejlepší známka
careerStatWonShort,Abbreviated stat: won.,,W,V
careerStatDrawnShort,Abbreviated stat: drawn.,,D,R
careerStatLostShort,Abbreviated stat: lost.,,L,P
careerStatGoalsForShort,Abbreviated stat: goals for.,,GF,VG
careerStatGoalsAgainstShort,Abbreviated stat: goals against.,,GA,OG
careerStatGoalDiffShort,Abbreviated stat: goal difference.,,GD,RS
careerNoSilverware,Empty state for the trophy cabinet.,,No silverware yet. Go win one.,Zatím žádné trofeje. Běžte nějakou získat.
careerMedalGold,Medal label: gold.,,GOLD,ZLATO
careerMedalSilver,Medal label: silver.,,SILVER,STŘÍBRO
careerMedalBronze,Medal label: bronze.,,BRONZE,BRONZ
careerWinnersName,Winners line with the winner name.,{name},Winners: {name},Vítěz: {name}
careerSavesTitle,App-bar title on the saves screen.,,SAVES,ULOŽENÉ HRY
careerCouldNotLoadSaves,Error when saves fail to load.,{error},Could not load saves.\n{error},Uložené hry se nepodařilo načíst.\n{error}
careerSlotsCount,Save-slot usage out of the limit.,{used} {limit},SLOTS  {used}/{limit},POZICE  {used}/{limit}
careerProUpTo5,Note that Pro allows up to ten saves.,,Pro: up to 10,Pro: až 10
careerThisSave,Marker for the current save.,,this save,toto uložení
careerSlotsFull,Shown when all save slots are used.,,Slots full,Pozice plné
careerSlotsFullGoPro,"Shown when slots are full, prompting Pro.",,Slots full. Go Pro for 10,Pozice plné. Pořiďte si Pro pro 10
careerNewGame,Button starting a new game.,,New Game,Nová hra
careerDeleteSaveTitle,Title of the delete-save dialog.,,Delete save?,Smazat uloženou hru?
careerDeleteSaveBody,Body of the delete-save dialog.,{label},This permanently deletes your {label} career.,Tímto trvale smažete vaši kariéru ({label}).
careerCancel,Dismiss the delete-save dialog.,,Cancel,Zrušit
careerDelete,Confirm the delete-save dialog.,,Delete,Smazat
careerNoSavesYet,Empty state on the saves screen.,,No saves yet.\nStart a new game to lead a nation.,Zatím žádné uložené hry.\nZačněte novou hru a veďte reprezentaci.
careerUnknownNation,Fallback for an unknown nation.,,Unknown,Neznámý
careerPlayedMinutes,"Total real-world time spent in a save, under an hour.",{minutes},Played {minutes}m,Odehráno {minutes} min
careerPlayedHours,"Total real-world time spent in a save, an hour or more.",{hours} {minutes},Played {hours}h {minutes}m,Odehráno {hours} h {minutes} min
careerLastPlayed,Saves list: when this save was last opened.,{when},Last played {when},Naposledy hráno {when}
careerJustNow,Relative time: within the last couple of minutes.,,just now,právě teď
careerYesterday,Relative time: one day ago.,,yesterday,včera
careerMinutesAgo,Relative time in minutes.,{n},{n}m ago,před {n} min
careerHoursAgo,Relative time in hours.,{n},{n}h ago,před {n} h
careerDaysAgo,Relative time in days.,{n},{n}d ago,před {n} dny
careerRoadToWorldCup,Save subtitle: road to the World Championship.,{year},Road to the {year} World Championship,Cesta na MS {year}
careerManagerCareerTitle,App-bar title on the manager-career screen.,,MANAGER CAREER,TRENÉRSKÁ KARIÉRA
careerCouldNotLoad,Generic load-error on the career screens.,{error},Could not load.\n{error},Načtení se nezdařilo.\n{error}
careerCycleByCycle,Heading of the cycle-by-cycle breakdown.,,CYCLE BY CYCLE,CYKLUS PO CYKLU
careerCyclesNationsLed,Summary of cycles managed and nations led.,"PLURAL — keep the {count, plural, …} skeleton exactly; translate only the words inside the branches","{cycles, plural, one{1 cycle} other{{cycles} cycles}} · {nations, plural, one{1 nation led} other{{nations} nations led}}","{cycles, plural, one{1 cyklus} few{{cycles} cykly} other{{cycles} cyklů}} · {nations, plural, one{vedena 1 reprezentace} few{vedeny {nations} reprezentace} other{vedeno {nations} reprezentací}}"
careerStatTitles,Stat label: titles.,,Titles,Tituly
careerStatPlayed,Stat label: played.,,Played,Odehrané
careerStatWon,Stat label: won.,,Won,Výhry
careerStatDrawn,Stat label: drawn.,,Drawn,Remízy
careerStatLost,Stat label: lost.,,Lost,Prohry
careerGoalsWinRate,Goals and win-rate summary line.,{goalsFor} {goalsAgainst} {gd} {winRate},Goals {goalsFor}–{goalsAgainst}  ({gd})  ·  Win rate {winRate}%,Góly {goalsFor}–{goalsAgainst}  ({gd})  ·  Úspěšnost {winRate}%
careerRecordResults,Heading of the record-results panel.,,RECORD RESULTS,REKORDNÍ VÝSLEDKY
careerBestWin,Label for the best win.,,Best win,Nejlepší výhra
careerWorstDefeat,Label for the worst defeat.,,Worst defeat,Nejhorší porážka
careerVsOpponentDate,Opponent and date line for a record result.,{opponent} {date},v {opponent} · {date},proti {opponent} · {date}
careerCycleRecordLine,Per-cycle W/D/L and goals record line.,{won} {drawn} {lost} {goalsFor} {goalsAgainst} {gd},{won}W {drawn}D {lost}L  ·  GF {goalsFor} GA {goalsAgainst} ({gd}),{won}V {drawn}R {lost}P  ·  VG {goalsFor} OG {goalsAgainst} ({gd})
careerWorldCupLabel,Tournament label: World Championship.,,World Championship,Mistrovství světa
careerContinentalLabel,Tournament label: continental.,,Continental,Kontinentální
messagesTitle,App-bar title on the messages inbox screen.,,MESSAGES,ZPRÁVY
messagesNoMessagesYet,Empty state when the inbox has no messages.,,No messages yet.,Zatím žádné zprávy.
messagesCouldNotLoad,Error state when the inbox fails to load.,{error},Could not load messages.\n{error},Nepodařilo se načíst zprávy.\n{error}
messagesDone,Button that dismisses the last message in a popup run.,,Done,Hotovo
messagesNext,Button that advances to the next message in a popup run.,,Next,Další
rankingWorldRanking,App-bar title on the world ranking screen.,,WORLD RANKING,SVĚTOVÝ ŽEBŘÍČEK
rankingCouldNotLoad,Error state when the world ranking fails to load.,{error},Could not load ranking.\n{error},Nepodařilo se načíst žebříček.\n{error}
rankingNoRanking,Empty state when there is no ranking data.,,No ranking.,Žádný žebříček.
rankingAll,Confederation filter chip showing every nation.,,ALL,VŠE
rankingYourTeam,Chip marking the manager's own nation in the ranking list.,,YOUR TEAM,VÁŠ TÝM
rankingYourRankingOverTime,Heading of the manager's ranking history chart.,,YOUR RANKING OVER TIME,VÁŠ ŽEBŘÍČEK V ČASE
rankingNowRank,Current world rank label on the history chart.,{rank},now #{rank},nyní #{rank}
rankingBestWorst,Best and worst ranking positions on the history chart.,{best} {worst},best #{best} · worst #{worst},nejlepší #{best} · nejhorší #{worst}
friendliesTitle,Friendlies screen app-bar heading.,,FRIENDLIES,PŘÁTELSKÉ ZÁPASY
friendliesLoadError,Error shown when the friendlies plan fails to load.,{error},Could not load friendlies.\n{error},Přátelské zápasy se nepodařilo načíst.\n{error}
friendliesContinue,Button to continue when there are no friendlies to arrange.,,Continue,Pokračovat
friendliesArrangeIntro,Intro instructing the manager to arrange warm-ups for the open windows.,"PLURAL — keep the {count, plural, …} skeleton exactly; translate only the words inside the branches","Arrange warm-ups for the {count, plural, one{1 open window} other{{count} open windows}} before your next competitive match. Tap an opponent, or leave it free.","Naplánujte přípravu na {count, plural, one{1 volné okno} few{{count} volná okna} other{{count} volných oken}} před dalším soutěžním zápasem. Klepněte na soupeře, nebo okno nechte volné."
friendliesFree,Label for a window with no opponent chosen.,,Free,Volné
matchGoalsCount,Label on the match banner's button that opens the scorer breakdown.,"PLURAL — keep the {count, plural, …} skeleton exactly; translate only the words inside the branches","{count, plural, =1{1 GOAL} other{{count} GOALS}}","{count, plural, =1{1 GÓL} few{{count} GÓLY} other{{count} GÓLŮ}}"
matchGoalsTitle,Heading of the goal-breakdown sheet.,,GOALS,GÓLY
matchGoalsNone,Shown for a side that has not scored in the breakdown sheet.,,No goals,Bez gólu
matchGoalPenalty,Tag on a goal scored from the penalty spot.,,PEN,PEN
matchGoalSetPiece,Tag on a goal scored from a corner or free kick.,,SET,SK
matchGoalAssist,Line naming who set a goal up.,{name},assist {name},asistence {name}
friendliesHome,Badge on a friendly window the manager's nation hosts.,,HOME,DOMA
friendliesAway,Badge on a friendly window played at the opponent's ground.,,AWAY,VENKU
friendliesNoneThisWindow,Confirm-button label when no friendlies are picked.,,No friendlies this window,Žádné přátelské zápasy
friendliesConfirmCount,Confirm-button label with the number of friendlies picked.,"PLURAL — keep the {count, plural, …} skeleton exactly; translate only the words inside the branches","Confirm {count, plural, one{1 friendly} other{{count} friendlies}}","Potvrdit {count, plural, one{1 přátelský zápas} few{{count} přátelské zápasy} other{{count} přátelských zápasů}}"
friendliesMonthJan,Abbreviated month: January.,,Jan,led
friendliesMonthFeb,Abbreviated month: February.,,Feb,úno
friendliesMonthMar,Abbreviated month: March.,,Mar,bře
friendliesMonthApr,Abbreviated month: April.,,Apr,dub
friendliesMonthMay,Abbreviated month: May.,,May,kvě
friendliesMonthJun,Abbreviated month: June.,,Jun,čvn
friendliesMonthJul,Abbreviated month: July.,,Jul,čvc
friendliesMonthAug,Abbreviated month: August.,,Aug,srp
friendliesMonthSep,Abbreviated month: September.,,Sep,zář
friendliesMonthOct,Abbreviated month: October.,,Oct,říj
friendliesMonthNov,Abbreviated month: November.,,Nov,lis
friendliesMonthDec,Abbreviated month: December.,,Dec,pro
resultsMyMatches,App-bar title on the player's matches screen.,,MY MATCHES,MOJE ZÁPASY
resultsCouldNotLoad,Error state on the results screens.,{error},Could not load results.\n{error},Nepodařilo se načíst výsledky.\n{error}
resultsNoFixtures,Shown when there are no fixtures to list.,,No fixtures.,Žádné zápasy.
resultsVs,Separator between two teams before a match is played.,,vs,vs
resultsStageQualifier,Stage label: a qualifying match.,,QUALIFIER,KVALIFIKACE
resultsStageFriendly,Stage label: a friendly match.,,FRIENDLY,PŘÁTELSKÝ ZÁPAS
resultsStageGroupStage,Stage label: the group stage.,,GROUP STAGE,SKUPINOVÁ FÁZE
resultsStageSemiFinal,Stage label: the semi-final.,,SEMI-FINAL,SEMIFINÁLE
resultsStageFinal,Stage label: the final.,,FINAL,FINÁLE
resultsStageContinentalClash,Stage label: the continental champions clash.,,CONTINENTAL CLASH,SOUBOJ KONTINENTŮ
resultsStageFinalsGroup,Stage label: a group at the finals tournament.,,FINALS GROUP,SKUPINA FINÁLOVÉHO TURNAJE
resultsStageRoundOf32,Stage label: the round of 32.,,ROUND OF 32,ŠESTNÁCTIFINÁLE
resultsStageRoundOf16,Stage label: the round of 16.,,ROUND OF 16,OSMIFINÁLE
resultsStageQuarterFinal,Stage label: the quarter-final.,,QUARTER-FINAL,ČTVRTFINÁLE
resultsStageThirdPlace,Stage label: the third-place play-off.,,THIRD PLACE,O TŘETÍ MÍSTO
matchSetupWarnCaptain,Pre-match warning that no captain has been chosen.,,No captain named. Tap to give somebody the armband,Není určen kapitán. Klepnutím mu dáte pásku
matchSetupWarnCaptainInjured,Pre-match warning: the captain is named but injured.,{name},{name} is injured and cannot lead this one out. Tap to hand the armband on,{name} je zraněný a tenhle zápas nepovede. Klepnutím předáte pásku dál
matchSetupWarnCaptainSuspended,Pre-match warning: the captain is named but serving a ban.,{name},{name} is suspended for this one. Tap to hand the armband on,{name} má na tenhle zápas stop. Klepnutím předáte pásku dál
matchSetupWarnCaptainDropped,Pre-match warning: the captain is named but was left out of the called-up squad.,{name},{name} has the armband but is not in your squad. Tap to hand it on,"{name} má pásku, ale není v nominaci. Klepnutím ji předáte dál"
matchSetupWarnSetPieces,Pre-match warning that no penalty or dead-ball taker has been chosen.,,No set-piece takers named. Tap to choose who steps up,Nejsou určeni exekutoři standardek. Klepnutím je vyberete
matchSetupWarnBoth,Pre-match warning that neither the armband nor the set-piece takers have been chosen.,,No captain and no set-piece takers. Tap to set them,Není kapitán ani exekutoři standardek. Klepnutím to nastavíte
matchStageMatchday,"Matchday number shown for a qualifying fixture, which has rounds but no named stage.",{matchday},MD {matchday},{matchday}. kolo
squadCaptain,Label for the squad captain row on the squad tab.,,Captain,Kapitán
deptEffectYouth,What youth-academy spending buys this cycle.,{points},Academy prospects arrive about {points} overall better,Talenti z akademie přijdou zhruba o {points} lepší
deptEffectCommercial,What commercial spending pays back at the end of the cycle.,{amount},{amount} back at the cycle's close,{amount} zpět na konci cyklu
deptEffectMedical,How much medical spending cuts the injury rate.,{percent},{percent}% fewer injuries,O {percent} % méně zranění
deptEffectNaturalisation,The chance naturalisation spending buys this cycle.,{percent},{percent}% chance a foreign player asks to switch,"{percent}% šance, že se ozve cizí hráč"
deptEffectBoard,How much board-relations spending raises the sacking threshold.,{points},+{points} board patience before your job is at risk,"+{points} trpělivosti vedení, než půjde o vaše místo"
deptEffectNone,Shown under a department slider that is set to zero.,,No effect while unfunded,Bez financování nemá žádný efekt
statsBestRated,Tab label: players ranked by average match rating.,,Ratings,Známky
statsMyCareer,Tab label: the manager's own career record.,,Career,Kariéra
statsBestAverageRating,Stats screen label: BEST AVERAGE RATING,,BEST AVERAGE RATING,NEJLEPŠÍ PRŮMĚRNÁ ZNÁMKA
statsMyCareerRecord,Stats screen label: YOUR RECORD,,YOUR RECORD,VAŠE BILANCE
statsNoRatingsRecorded,Stats screen label: No match ratings recorded yet.,,No match ratings recorded yet.,Zatím nejsou zaznamenané žádné známky.
statsGroupRecord,Stats screen label: Record,,Record,Bilance
statsGroupRuns,Stats screen label: Runs,,Runs,Série
statsGroupExtremes,Stats screen label: Extremes,,Extremes,Extrémy
statsGroupSplits,Stats screen label: Home & away,,Home & away,Doma a venku
statsGroupSquad,Stats screen label: Your players,,Your players,Vaši hráči
statsPlayed,Stats screen label: Matches played,,Matches played,Odehrané zápasy
statsWinDrawLoss,Stats screen label: Won–drawn–lost,,Won–drawn–lost,Výhry–remízy–prohry
statsWinRate,Stats screen label: Win rate,,Win rate,Úspěšnost
statsGoals,Stats screen label: Goals for:against,,Goals for:against,Vstřelené:obdržené
statsCleanSheets,Stats screen label: Clean sheets,,Clean sheets,Čistá konta
statsFailedToScore,Stats screen label: Failed to score,,Failed to score,Bez vstřelené branky
statsLongestWinStreak,Stats screen label: Longest winning run,,Longest winning run,Nejdelší série výher
statsLongestUnbeaten,Stats screen label: Longest unbeaten run,,Longest unbeaten run,Nejdelší neporazitelnost
statsLongestCleanSheets,Stats screen label: Longest clean-sheet run,,Longest clean-sheet run,Nejdelší série čistých kont
statsLongestWinless,Stats screen label: Longest winless run,,Longest winless run,Nejdelší série bez výhry
statsCurrentRun,Stats screen label: Current unbeaten run,,Current unbeaten run,Aktuální neporazitelnost
statsBiggestWin,Stats screen label: Biggest win,,Biggest win,Nejvyšší výhra
statsHeaviestDefeat,Stats screen label: Heaviest defeat,,Heaviest defeat,Nejvyšší prohra
statsMostGoalsInAGame,Stats screen label: Most goals in a match,,Most goals in a match,Nejvíc gólů v zápase
statsShootouts,Stats screen label: Shootouts won–lost,,Shootouts won–lost,Penalty výhry–prohry
statsComebackWins,Stats screen label: Wins from behind,,Wins from behind,Otočené zápasy
statsHome,Stats screen label: Home,,Home,Doma
statsAway,Stats screen label: Away,,Away,Venku
statsNeutral,Stats screen label: Neutral,,Neutral,Neutrální půda
statsCompetitive,Stats screen label: Competitive,,Competitive,Soutěžní
statsFriendlies,Stats screen label: Friendlies,,Friendlies,Přátelské
statsHatTricks,Stats screen label: Hat-tricks,,Hat-tricks,Hattricky
statsBraces,Stats screen label: Braces,,Braces,Dvougólové zápasy
statsMotms,Stats screen label: Man-of-the-match awards,,Man-of-the-match awards,Ocenění pro muže zápasu
statsAssists,Stats screen label: Assists,,Assists,Asistence
statsCards,Stats screen label: Cards,,Cards,Karty
statsBestRating,Stats screen label: Best individual rating,,Best individual rating,Nejlepší individuální známka
statsAppsShort,Appearance count under a player on the ratings leaderboard.,{apps},{apps} apps,{apps} startů
statsMotmShort,Man-of-the-match count under a player on the ratings leaderboard.,{motms},{motms} MOTM,{motms}× MVP
captainArmband,The captain's armband badge on a squad row. A single letter.,,C,K
captainCurrent,Tooltip on the armband of the player who is currently captain.,,Captain. Tap to remove the armband,Kapitán. Klepnutím pásku sejmete
captainFitBorn,How well a player suits the captaincy: the best fit.,,A born leader,Rozený vůdce
captainFitNatural,How well a player suits the captaincy: a good fit.,,A natural captain,Přirozený kapitán
captainFitCapable,How well a player suits the captaincy: an adequate fit.,,Could wear it,Pásku by unesl
captainFitUnproven,How well a player suits the captaincy: a poor fit.,,Not a leader yet,Zatím ne vůdce
captainNone,"Shown where a captain would be, when none has been chosen.",,No captain named,Kapitán nebyl jmenován
captainMoraleBoost,How much morale the current captain is worth.,{morale},+{morale} squad morale,+{morale} morálky týmu
resultsCategoryWorldCupQualifying,Competition group heading: World Championship qualifying.,,World Championship Qualifying,Kvalifikace na MS
resultsCategoryFriendlies,Competition group heading: friendlies.,,Friendlies,Přátelské zápasy
resultsCategoryContinentalClash,Competition group heading: continental clash.,,Continental Clash,Souboj kontinentů
resultsCategoryNationsCup,Competition group heading: Nations Cup.,,Nations Cup,Pohár národů
resultsCategoryContinentalCup,Competition group heading: continental cup.,,Continental Cup,Kontinentální pohár
resultsCategoryWorldCupQualifyingShort,"Short form of the World Championship qualifying heading, for the hub's next-match strip where the full words are shrunk to nothing.",,World Champ. Q,MS Q
resultsCategoryContinentalQualifyingShort,"Short form of the continental qualifying heading, for the hub's next-match strip.",,Continental Cup Q,Kontinentální pohár Q
resultsCategoryContinentalQualifying,Competition group heading: continental cup qualifying.,,Continental Cup Qualifying,Kvalifikace kontinentálního poháru
resultsCategoryWorldCupFinals,Competition group heading: World Championship finals.,,World Championship Finals,Mistrovství světa
resultsRoundResults,App-bar title on the round-results screen.,,ROUND RESULTS,VÝSLEDKY KOLA
resultsFriendlyInternationals,Heading over other nations' friendly internationals.,,FRIENDLY INTERNATIONALS,PŘÁTELSKÉ REPREZENTAČNÍ ZÁPASY
resultsKnockout,Fallback stage heading for a knockout round.,,Knockout,Vyřazovací fáze
resultsMatchday,Heading naming the current group-stage matchday.,{matchday},MATCHDAY {matchday},{matchday}. KOLO
resultsContinue,Button that carries on to the hub.,,Continue,Pokračovat
resultsGroup,Group heading with its letter.,{name},GROUP {name},SKUPINA {name}
achievementsScreenTitle,App-bar title on the achievements screen.,,ACHIEVEMENTS,ÚSPĚCHY
achievementsChallengesTooltip,Tooltip on the button that opens the challenges screen.,,Challenges,Výzvy
achievementsChallengesHeading,Heading/title for the challenges section and screen.,,CHALLENGES,VÝZVY
achievementsBrutalTests,Subtitle on the challenges entry card.,,Brutal career-long tests,Nelítostné zkoušky na celou kariéru
achievementsCouldNotLoad,Error state when the achievements or challenges list fails to load.,{error},Could not load.\n{error},Nepodařilo se načíst.\n{error}
achievementsUnlockedCount,Count of unlocked achievements out of the total.,{earned} {total},{earned} / {total} unlocked,{earned} / {total} odemčeno
achievementsConqueredCount,Count of completed challenges out of the total.,{done} {total},{done} / {total} conquered,{done} / {total} zdoláno
achievementsBoardSatisfaction,Heading on the board-satisfaction gauge card.,,BOARD SATISFACTION,SPOKOJENOST VEDENÍ
achievementsUnlockedBanner,Celebratory banner heading when achievements are unlocked after a match.,"PLURAL — keep the {count, plural, …} skeleton exactly; translate only the words inside the branches","{count, plural, one{ACHIEVEMENT UNLOCKED} other{{count} ACHIEVEMENTS UNLOCKED}}","{count, plural, one{ÚSPĚCH ODEMČEN} few{{count} ÚSPĚCHY ODEMČENY} many{{count} ÚSPĚCHŮ ODEMČENO} other{{count} ÚSPĚCHŮ ODEMČENO}}"
achCatWins,Achievement category heading.,,Wins,Výhry
achCatMatches,Achievement category heading.,,Matches,Zápasy
achCatQualifications,Achievement category heading.,,Qualifications,Kvalifikace
achCatTitles,Achievement category heading.,,Titles,Tituly
achCatMisc,Achievement category heading.,,Misc,Různé
achCatMega,Achievement category heading.,,Mega,Mega
achCatGoals,Achievement category heading.,,Goals,Góly
achCatStreaks,Achievement category heading.,,Streaks,Série
achTierBronze,Achievement rarity tier.,,Bronze,Bronz
achTierSilver,Achievement rarity tier.,,Silver,Stříbro
achTierGold,Achievement rarity tier.,,Gold,Zlato
achTierPlatinum,Achievement rarity tier.,,Platinum,Platina
achGoals,Goal-milestone achievement title.,"PLURAL — keep the {count, plural, …} skeleton exactly; translate only the words inside the branches","{count, plural, other{{count} Goals}}","{count, plural, few{{count} góly} other{{count} gólů}}"
achGoalsDesc,Goal-milestone achievement description.,"PLURAL — keep the {count, plural, …} skeleton exactly; translate only the words inside the branches","{count, plural, =1{Score 1 goal.} other{Score {count} goals.}}","{count, plural, =1{Vstřelte 1 gól.} few{Vstřelte {count} góly.} other{Vstřelte {count} gólů.}}"
achCleanSheets,Clean-sheet milestone title.,"PLURAL — keep the {count, plural, …} skeleton exactly; translate only the words inside the branches","{count, plural, other{{count} Clean Sheets}}","{count, plural, few{{count} čistá konta} other{{count} čistých kont}}"
achCleanSheetsDesc,Clean-sheet milestone description.,"PLURAL — keep the {count, plural, …} skeleton exactly; translate only the words inside the branches","{count, plural, =1{Keep 1 clean sheet.} other{Keep {count} clean sheets.}}","{count, plural, =1{Udržte 1 čisté konto.} few{Udržte {count} čistá konta.} other{Udržte {count} čistých kont.}}"
achStreakWin5,Achievement title.,,Winning Habit,Vítězný návyk
achStreakWin5Desc,Achievement description.,,Win five matches in a row.,Vyhrajte pět zápasů v řadě.
achStreakWin10,Achievement title.,,On a Roll,Ve formě
achStreakWin10Desc,Achievement description.,,Win ten matches in a row.,Vyhrajte deset zápasů v řadě.
achStreakWin20,Achievement title.,,Juggernaut,Válec
achStreakWin20Desc,Achievement description.,,Win twenty matches in a row.,Vyhrajte dvacet zápasů v řadě.
achUnbeaten15,Achievement title.,,Hard to Beat,Těžko k poražení
achUnbeaten15Desc,Achievement description.,,Go fifteen matches unbeaten.,Zůstaňte patnáct zápasů neporažení.
achUnbeaten30,Achievement title.,,Untouchable,Nedotknutelní
achUnbeaten30Desc,Achievement description.,,Go thirty matches unbeaten.,Zůstaňte třicet zápasů neporažení.
achHattrick,Achievement title.,,Hat-trick Hero,Hattrickový hrdina
achHattrickDesc,Achievement description.,,Have a player score a hat-trick.,Nechte hráče vstřelit hattrick.
achMotm10,Achievement title.,,Standout,Výrazná postava
achMotm10Desc,Achievement description.,,Collect 10 man-of-the-match awards.,Získejte 10 ocenění muže zápasu.
achMotm50,Achievement title.,,Talisman,Vůdčí osobnost
achMotm50Desc,Achievement description.,,Collect 50 man-of-the-match awards.,Získejte 50 ocenění muže zápasu.
achPerfect,Achievement title.,,Perfect Ten,Perfektní desítka
achPerfectDesc,Achievement description.,,Have a player earn a 9.5+ match rating.,"Nechte hráče získat známku 9,5 a vyšší."
achShootout,Achievement title.,,Ice in the Veins,Ledový klid
achShootoutDesc,Achievement description.,,Win five penalty shootouts.,Vyhrajte pět penaltových rozstřelů.
achMassacre,Achievement title.,,Massacre,Masakr
achMassacreDesc,Achievement description.,,Win a match by 7 goals or more.,Vyhrajte zápas o 7 a více gólů.
achAnnihilation,Achievement title.,,Annihilation,Zničení
achAnnihilationDesc,Achievement description.,,Win a match by 10 goals or more.,Vyhrajte zápas o 10 a více gólů.
chTierBronze,,,Bronze,Bronz
chTierSilver,,,Silver,Stříbro
chTierGold,,,Gold,Zlato
chTierLegendary,,,Legendary,Legendární
chFirstSteps,,,In the Dugout,Na lavičce
chFirstStepsDesc,,,Manage for 5 years.,Trénujte 5 let.
chUnbeaten10,,,On a Roll,Ve formě
chUnbeaten10Desc,,,Go 10 competitive matches unbeaten.,Zůstaňte 10 soutěžních zápasů neporažení.
chTwoNations,,,Fresh Challenge,Nová výzva
chTwoNationsDesc,,,Manage 2 different nations.,Veďte 2 různé reprezentace.
chCont1,,,Continental Champion,Kontinentální šampion
chCont1Desc,,,Win a continental championship.,Vyhrajte kontinentální šampionát.
chNc1,,,Nations Cup Winner,Vítěz Poháru národů
chNc1Desc,,,Win the Nations Cup.,Vyhrajte Pohár národů.
chWc1,,,World Champion,Mistr světa
chWc1Desc,,,Win the World Championship.,Vyhrajte mistrovství světa.
chYears25,,,Establishment,Zavedená značka
chYears25Desc,,,Manage for 25 years.,Trénujte 25 let.
chWc3,,,Serial Winner,Sériový vítěz
chWc3Desc,,,Win 3 World Championships.,Vyhrajte 3 mistrovství světa.
chWc5,,,Dynasty,Dynastie
chWc5Desc,,,Win 5 World Championships.,Vyhrajte 5 mistrovství světa.
chWc10,,,Immortal,Nesmrtelný
chWc10Desc,,,Win 10 World Championships.,Vyhrajte 10 mistrovství světa.
chWc2Teams,,,"Have Boots, Will Travel",S kufry na cestách
chWc2TeamsDesc,,,Win the World Championship with 2 different nations.,Vyhrajte mistrovství světa se 2 různými reprezentacemi.
chWc3Teams,,,Globetrotter,Světoběžník
chWc3TeamsDesc,,,Win the World Championship with 3 different nations.,Vyhrajte mistrovství světa se 3 různými reprezentacemi.
chWcStreak3,,,Three-Peat,Tři v řadě
chWcStreak3Desc,,,Win 3 World Championships in a row.,Vyhrajte 3 mistrovství světa v řadě.
chWcAllconf,,,World Conqueror,Dobyvatel světa
chWcAllconfDesc,,,Win the World Championship with a nation from every confederation (6).,Vyhrajte mistrovství světa s reprezentací z každé konfederace (6).
chCont5,,,Continental King,Kontinentální král
chCont5Desc,,,Win 5 continental championships.,Vyhrajte 5 kontinentálních šampionátů.
chContAll,,,Six-Continent Slam,Slam šesti kontinentů
chContAllDesc,,,Win every confederation’s continental championship (6).,Vyhrajte kontinentální šampionát každé konfederace (6).
chTreble,,,Clean Sweep,Kompletní úklid
chTrebleDesc,,,"Win the World Championship, a continental title and the Nations Cup in one career.","Vyhrajte mistrovství světa, kontinentální titul a Pohár národů v jedné kariéře."
chNations10,,,Nomad,Nomád
chNations10Desc,,,Manage 10 different nations.,Veďte 10 různých reprezentací.
chYears100,,,Century,Století
chYears100Desc,,,Manage for 100 years.,Trénujte 100 let.
chYears500,,,Half a Millennium,Půl tisíciletí
chYears500Desc,,,Manage for 500 years.,Trénujte 500 let.
chYears1000,,,Eternal,Věčný
chYears1000Desc,,,Manage for 1000 years.,Trénujte 1000 let.
chGrandmaster,,,Grandmaster,Velmistr
chGrandmasterDesc,,,Win 3 World Championships AND 5 continental championships.,Vyhrajte 3 mistrovství světa A 5 kontinentálních šampionátů.
chUndefeated,,,Untouchable,Nedotknutelný
chUndefeatedDesc,,,Win a World Championship without losing a single match.,Vyhrajte mistrovství světa bez jediné porážky.
chPerfectQual,,,Flawless Passage,Bezchybný postup
chPerfectQualDesc,,,Win every match of a World Championship qualifying campaign.,Vyhrajte každý zápas kvalifikační kampaně na mistrovství světa.
chMinnow,,,Minnow Miracle,Zázrak outsidera
chMinnowDesc,,,Win the World Championship with a nation ranked outside the world top 32.,Vyhrajte mistrovství světa s reprezentací mimo světovou top 32.
chGrandTour,,,Home & Away,Doma i venku
chGrandTourDesc,,,Win a World Championship as hosts and win one away from home.,Vyhrajte mistrovství světa jako pořadatel a jedno i mimo domov.
chUnbeaten25,,,The Wall,Zeď
chUnbeaten25Desc,,,Go 25 competitive matches unbeaten.,Zůstaňte 25 soutěžních zápasů neporažení.
chGoals10k,,,Goal Machine,Gólostroj
chGoals10kDesc,,,"Score 10,000 career goals.",Vstřelte 10 000 gólů za kariéru.
chCleanSheets500,,,Fortress,Pevnost
chCleanSheets500Desc,,,Keep 500 career clean sheets.,Udržte 500 čistých kont za kariéru.
chHatTricks25,,,Hat-trick Habit,Hattrickový zvyk
chHatTricks25Desc,,,Have your players score 25 hat-tricks.,Nechte své hráče vstřelit 25 hattricků.
chWinStreak25,,,Relentless,Neúprosný
chWinStreak25Desc,,,Win 25 matches in a row.,Vyhrajte 25 zápasů v řadě.
chCont10,,,Continental Dynasty,Kontinentální dynastie
chCont10Desc,,,Win 10 continental championships.,Vyhrajte 10 kontinentálních šampionátů.
chPcWc,,,Serial Champion,Sériový šampion
chPcWcDesc,,{count},Win {count} World Championships this save.,Vyhrajte v této hře {count} mistrovství světa.
chPcMajors,,,Silverware Collector,Sběratel trofejí
chPcMajorsDesc,,{count},"Win {count} major trophies (World Championship, continental or Nations Cup).","Vyhrajte {count} velkých trofejí (mistrovství světa, kontinentální nebo Pohár národů)."
chPcUnbeaten,,,Iron Wall,Železná zeď
chPcUnbeatenDesc,,{count},Go {count} competitive matches unbeaten.,Zůstaňte {count} soutěžních zápasů neporažení.
chPcNations,,,Journeyman,Kočovník
chPcNationsDesc,,{count},Manage {count} different nations.,Veďte {count} různých reprezentací.
chPcYears,,,The Long Haul,Běh na dlouhou trať
chPcYearsDesc,,{count},Manage for {count} years.,Trénujte {count} let.
achWins,Win-milestone achievement title.,"PLURAL — keep the {count, plural, …} skeleton exactly; translate only the words inside the branches","{count, plural, =1{1 Win} other{{count} Wins}}","{count, plural, =1{1 výhra} few{{count} výhry} other{{count} výher}}"
achWinsDesc,Win-milestone achievement description.,"PLURAL — keep the {count, plural, …} skeleton exactly; translate only the words inside the branches","{count, plural, =1{Win 1 match.} other{Win {count} matches.}}","{count, plural, =1{Vyhrajte 1 zápas.} few{Vyhrajte {count} zápasy.} other{Vyhrajte {count} zápasů.}}"
achMatches,Matches-milestone achievement title.,"PLURAL — keep the {count, plural, …} skeleton exactly; translate only the words inside the branches","{count, plural, other{{count} Matches}}","{count, plural, few{{count} zápasy} other{{count} zápasů}}"
achMatchesDesc,Matches-milestone achievement description.,"PLURAL — keep the {count, plural, …} skeleton exactly; translate only the words inside the branches","{count, plural, =1{Play 1 match.} other{Play {count} matches.}}","{count, plural, =1{Odehrajte 1 zápas.} few{Odehrajte {count} zápasy.} other{Odehrajte {count} zápasů.}}"
achQualWc,Achievement title.,,World Championship Qualifier,Účast na MS
achQualWcDesc,Achievement description.,,Reach the World Championship finals.,Postupte na závěrečný turnaj mistrovství světa.
achQualCont,Achievement title.,,Continental Qualifier,Účast na kontinentálním šampionátu
achQualContDesc,Achievement description.,,Reach your continental championship finals.,Postupte na závěrečný turnaj svého kontinentálního šampionátu.
achTitleWc,Achievement title.,,World Champions,Mistři světa
achTitleWcDesc,Achievement description.,,Win the World Championship.,Vyhrajte mistrovství světa.
achTitleEuro,Achievement title.,,European Champions,Mistři Evropy
achTitleEuroDesc,Achievement description.,,Win the European Championship.,Vyhrajte mistrovství Evropy.
achTitleCopa,Achievement title.,,South America Champions,Mistři Jižní Ameriky
achTitleCopaDesc,Achievement description.,,Win the South America Cup.,Vyhrajte Pohár Jižní Ameriky.
achTitleAfcon,Achievement title.,,African Champions,Mistři Afriky
achTitleAfconDesc,Achievement description.,,Win the African Championship.,Vyhrajte mistrovství Afriky.
achTitleAsia,Achievement title.,,Asian Champions,Mistři Asie
achTitleAsiaDesc,Achievement description.,,Win the Asian Championship.,Vyhrajte mistrovství Asie.
achTitleConcacaf,Achievement title.,,North America Champions,Mistři Severní Ameriky
achTitleConcacafDesc,Achievement description.,,Win the North America Cup.,Vyhrajte Pohár Severní Ameriky.
achTitleOfc,Achievement title.,,Oceania Champions,Mistři Oceánie
achTitleOfcDesc,Achievement description.,,Win the Oceania Cup.,Vyhrajte Pohár Oceánie.
achTitleNations,Achievement title.,,Nations Cup Winners,Vítězové Poháru národů
achTitleNationsDesc,Achievement description.,,Win the Nations Cup.,Vyhrajte Pohár národů.
achTitleClash,Achievement title.,,Continental Clash Winners,Vítězové Kontinentálního souboje
achTitleClashDesc,Achievement description.,,Win the Continental Clash.,Vyhrajte Kontinentální souboj.
achMarksman,Achievement title.,,World Championship Marksman,Kanonýr MS
achMarksmanDesc,Achievement description.,,Have a squad player score 6+ World Championship finals goals.,Nechte hráče základního výběru nastřílet 6+ gólů na závěrečném turnaji MS.
achSweep,Achievement title.,,Clean Sweep,Kompletní úklid
achSweepDesc,Achievement description.,,Hold the World Championship and your continental title in one career.,Držte titul mistrů světa i kontinentální titul v jedné kariéře.
achAllstar,Achievement title.,,Tournament All-Star,Hvězda turnaje
achAllstarDesc,Achievement description.,,Have a player named in a World Championship Team of the Tournament.,Nechte hráče zvolit do all-stars týmu mistrovství světa.
achGoldenboot,Achievement title.,,Golden Boot,Zlatá kopačka
achGoldenbootDesc,Achievement description.,,Have your nation finish as a championship top scorer.,Nechte svou reprezentaci stát se nejlepším střelcem šampionátu.
achDemolition,Achievement title.,,Demolition,Demolice
achDemolitionDesc,Achievement description.,,Win a match by 5 goals or more.,Vyhrajte zápas o 5 a více gólů.
achievementsNice,Dismiss button on the achievement-unlocked dialog.,,Nice!,Paráda!
achievementsHardestTests,Intro blurb on the challenges screen.,,"The hardest tests of a manager, across a whole career and many nations.","Nejtěžší zkoušky trenéra, napříč celou kariérou a mnoha zeměmi."
achievementsThisSave,Section heading for this save's procedural challenges.,,THIS SAVE,TATO HRA
achievementsBrutalBadge,Badge marking an especially hard challenge.,,BRUTAL,BRUTÁLNÍ
paywallGoPro,Paywall heading inviting the player to upgrade to Pro.,,GO PRO,PŘEJÍT NA PRO
paywallOneTimeUnlock,Paywall subtitle clarifying it is a one-off purchase.,,One-time unlock. No subscription.,Jednorázové odemčení. Žádné předplatné.
paywallBenefitEveryNation,Paywall benefit line.,,Manage every nation in the world,Spravujte každou zemi na světě
paywallBenefitSaveSlots,Paywall benefit line.,,10 save slots instead of 3,10 pozic pro uložení místo 3
paywallBenefitEndless,Paywall benefit line.,,"Unlimited careers, forever","Neomezené kariéry, navždy"
paywallUnlocked,Shown on the paywall once premium is already unlocked.,,Premium is unlocked. Enjoy!,Prémiová verze je odemčená. Užijte si ji!
paywallContactingStore,Buy-button label while the purchase flow is in progress.,,Contacting the store…,Kontaktuji obchod…
paywallUnlockPro,Buy-button label before the store price has loaded.,,Unlock Pro,Odemknout Pro
paywallUnlockProPriced,Buy-button label with the store's localised price.,{price},Unlock Pro · {price},Odemknout Pro · {price}
paywallRestorePurchases,Button that restores a previous purchase.,,Restore purchases,Obnovit nákupy
federationNaturalisation,App-bar title on the naturalisation decision screen.,,NATURALISATION,NATURALIZACE
federationNaturalisedTitle,Inbox message title when a player completes naturalisation.,{name},{name} naturalised,{name} naturalizován
federationNaturalisedBody,Inbox message body when a player completes naturalisation.,{name} {nation},{name} has completed the switch and is now eligible for {nation}. Call them up from your squad selection.,{name} dokončil změnu reprezentace a je nyní k dispozici za {nation}. Povolejte ho ve své nominaci.
federationCouldNotLoadOffer,Error shown when the naturalisation offer fails to load.,{error},Could not load offer.\n{error},Nabídku se nepodařilo načíst.\n{error}
federationContinue,Button to continue when there is no pending offer.,,Continue,Pokračovat
federationOfferToSwitchAllegiance,Heading on the naturalisation offer card.,,AN OFFER TO SWITCH ALLEGIANCE,NABÍDKA KE ZMĚNĚ REPREZENTACE
federationPlayerMeta,"Player subtitle: position, age and current nation.",{position} {age} {nation},{position} · age {age} · from {nation},{position} · věk {age} · z {nation}
federationNaturalisationBlurb,Explanatory paragraph on the naturalisation offer.,{name} {playerNation} {sourceNation},{name} has ties to {playerNation} and is willing to be naturalised. Accept and they can be selected; decline and they stay with {sourceNation}.,{name} má vazby na {playerNation} a je ochoten se nechat naturalizovat. Přijměte a bude k dispozici pro nominaci; odmítněte a zůstane u reprezentace {sourceNation}.
federationDecline,Button declining the naturalisation offer.,,Decline,Odmítnout
federationNaturalise,Button accepting the naturalisation offer.,,Naturalise,Naturalizovat
federationBudgetLater,Leaves the budget screen without allocating; the hub will ask again.,,Decide later,Rozhodnout později
federationSetYourBudget,App-bar title on the forced budget-setup screen.,,SET YOUR BUDGET,NASTAVTE ROZPOČET
federationCouldNotLoadFinances,Error shown when the finances/budget data fails to load.,{error},Could not load finances.\n{error},Finance se nepodařilo načíst.\n{error}
federationSaveNotFound,Shown when the career save can't be found.,,Save not found.,Uložená hra nenalezena.
federationBudgetHeading,Banner heading on the budget-setup screen.,,FEDERATION BUDGET,ROZPOČET FEDERACE
federationDistributeBudget,Budget-setup banner instruction with the amount to allocate.,{amount},Distribute {amount} across the departments to open the cycle. Spend it wisely.,Rozdělte {amount} mezi jednotlivá oddělení a zahajte cyklus. Utraťte je moudře.
federationOverBudget,Shown when departments plus staff wages exceed the budget.,{amount},{amount} more than the federation has. Take some back,{amount} nad rámec rozpočtu. Část je potřeba vrátit
federationAllocateFullBudget,Hint shown until the whole budget is allocated.,,Allocate the full budget to begin the cycle.,"Rozdělte celý rozpočet, abyste mohli zahájit cyklus."
federationConfirming,Budget confirm button label while saving.,,Confirming…,Potvrzuji…
federationConfirmBudget,Button confirming the budget allocation.,,Confirm budget,Potvrdit rozpočet
federationFinances,App-bar title on the finances screen.,,FINANCES,FINANCE
federationInvestmentUpdated,Snackbar after saving the investment plan.,,Investment updated.,Investice aktualizována.
federationDevelopment,Section heading above the federation buildings.,,FEDERATION DEVELOPMENT,ROZVOJ FEDERACE
federationProjectedAtSeasonEnd,Section heading above projected income.,,PROJECTED AT SEASON END,ODHAD NA KONCI SEZÓNY
federationCentralFunding,Income line: central grant.,,Central funding,Centrální dotace
federationPrizeMoneySoFar,Income line: prize money earned so far.,,Prize money so far,Dosavadní prémie
federationCommercialReturn,Income/impact line: commercial return.,,Commercial return,Komerční výnos
federationThisSeasonLocked,Section heading above this season's locked investment.,,THIS SEASON (LOCKED),TATO SEZÓNA (UZAMČENO)
federationInvestForNextSeason,Section heading above the investment editor.,,INVEST FOR NEXT SEASON,INVESTICE PRO PŘÍŠTÍ SEZÓNU
federationNextSeasonImpact,Section heading above the impact preview.,,NEXT SEASON IMPACT,DOPAD NA PŘÍŠTÍ SEZÓNU
federationSaving,Investment confirm button label while saving.,,Saving…,Ukládám…
federationConfirmInvestment,Button confirming the investment plan.,,Confirm investment,Potvrdit investici
federationBalance,Label above the cash balance figure.,,FEDERATION BALANCE,ZŮSTATEK FEDERACE
federationCommittedToStaff,"Finances: the part of the balance already promised to staff wages, paid at the end of the cycle.",,Committed to staff,Slíbeno realizačnímu týmu
federationFreeToSpend,Finances: the part of the balance not already promised to anybody.,,Free to spend,Volné k utracení
federationWagesNote,Finances: why part of the balance cannot be invested.,,"Wages come off the balance at the end of the cycle, so this much is spoken for.","Mzdy se z rozpočtu strhnou na konci cyklu, takže tato část je už zadaná."
federationInvestAtCeremony,Hint under the locked-investment card.,,Invest for next season at the end-of-cycle ceremony.,Investujte pro příští sezónu při ceremonii na konci cyklu.
federationLevelBadge,"Compact building-level badge, e.g. L3.",{level},L{level},Ú{level}
federationAcademyProspects,Impact row: youth academy prospects.,,Academy prospects,Talenty z akademie
federationPlusOverall,Impact value: bonus to a player's overall rating.,{value},+{value} overall,+{value} celkově
federationInjuryRisk,Impact row: injury risk.,,Injury risk,Riziko zranění
federationNaturalisationChance,Impact row: chance of a naturalisation offer.,,Naturalisation chance,Šance na naturalizaci
federationBoardPatience,Impact row: board patience/tolerance.,,Board patience,Trpělivost vedení
federationUnallocated,Label for the remaining unallocated budget in the editor.,,UNALLOCATED,NEROZDĚLENO
nationsVitrineTitle,App-bar title on the national vitrine screen.,,NATIONAL VITRINE,VITRÍNA REPREZENTACE
nationsCouldNotLoad,Error state when the nation fails to load.,{error},Could not load nation.\n{error},Nepodařilo se načíst zemi.\n{error}
nationsNoNation,Shown when there is no nation data.,,No nation.,Žádná země.
nationsHonours,Heading over the nation's honours.,,HONOURS,TROFEJE
nationsRankingHistory,Heading of the nation's world ranking history chart.,,WORLD RANKING HISTORY,HISTORIE SVĚTOVÉHO ŽEBŘÍČKU
nationsTopScorers,Heading over the nation's all-time top scorers.,,ALL-TIME TOP SCORERS,NEJLEPŠÍ STŘELCI HISTORIE
nationsTitles,Heading over the nation's titles tally.,,TITLES,TITULY
nationsYourTeam,Column header marking the manager's own nation.,,YOUR TEAM,VÁŠ TÝM
nationsWorld,Column header for the world/global column.,,WORLD,SVĚT
nationsWorldCup,Honours label: World Championship.,,World Championship,Mistrovství světa
nationsContinental,Honours label: continental title.,,Continental,Kontinentální
nationsAppearances,Number of tournament appearances.,"PLURAL — keep the {count, plural, …} skeleton exactly; translate only the words inside the branches","{count, plural, =1{1 appearance} other{{count} appearances}}","{count, plural, =1{1 účast} few{{count} účasti} other{{count} účastí}}"
nationsNotEnoughHistory,Empty state when there isn't enough ranking history yet.,,Not enough history yet. Check back after a cycle or two.,Zatím není dost historie. Vraťte se po jednom či dvou cyklech.
nationsBestRank,Best world ranking reached.,{rank},Best: #{rank},Nejlepší: #{rank}
nationsNowRank,Current world ranking.,{rank},Now: #{rank},Nyní: #{rank}
nationsNoGoals,Empty state for the top-scorers list.,,No goals recorded yet.,Zatím nebyly zaznamenány žádné góly.
nationsGoalsAbbrev,Abbreviated unit for goals.,,gls,gólů
nationsHosts,Badge marking a tournament the nation hosted.,,HOSTS,POŘADATEL
nationsSelectTitle,App-bar title on the nation picker screen.,,SELECT NATIONAL TEAM,VYBERTE REPREZENTACI
nationsCouldNotLoadNations,Error state when the nations list fails to load.,{error},Could not load nations.\n{error},Nepodařilo se načíst země.\n{error}
nationsNoMatch,Shown when a search returns no nations.,,No nations match.,Žádné země nevyhovují.
nationsNationalLevel,Heading over a nation's strength level.,,NATIONAL LEVEL,REPREZENTAČNÍ ÚROVEŇ
nationsSelectHeading,Heading on the nation picker.,,Select National Team,Vyberte reprezentaci
nationsSearchHint,Search box hint in the nation picker.,,Search country…,Hledat zemi…
nationsRank,Label prefix before a nation's rank number.,,RANK ,POŘADÍ 
nationsPremium,Badge marking a premium-only nation.,,PREMIUM,PRÉMIUM
nationsSelect,Button that selects the nation.,,SELECT,VYBRAT
nationsNavCareer,Bottom-nav label: career.,,Career,Kariéra
nationsNavTactics,Bottom-nav label: tactics.,,Tactics,Taktika
nationsNavNations,Bottom-nav label: nations.,,Nations,Reprezentace
nationsNavSettings,Bottom-nav label: settings.,,Settings,Nastavení
statsTeamRecords,App-bar title on the team records screen.,,TEAM RECORDS,REKORDY TÝMU
statsRecordBook,Nav card: record book.,,Record book,Kniha rekordů
statsCouldNotLoadStats,Error state when the stats fail to load.,{error},Could not load stats.\n{error},Statistiky se nepodařilo načíst.\n{error}
statsNoData,Shown when there is no stats data.,,No data.,Žádná data.
statsTopScorers,Heading of the top-scorers list.,,TOP SCORERS,NEJLEPŠÍ STŘELCI
statsMostGamesPlayed,Heading of the most-appearances list.,,MOST GAMES PLAYED,NEJVÍCE ODEHRANÝCH ZÁPASŮ
statsTeam,Tab label: team.,,Team,Tým
statsTopScorersShort,Tab label: top scorers.,,Scorers,Střelci
statsMostGames,Tab label: most games.,,Most games,Nejvíce zápasů
statsNoGoalsRecorded,Empty state for the top-scorers list.,,No goals recorded yet.,Zatím nebyly zaznamenány žádné góly.
statsUnknown,Fallback for an unknown player.,,Unknown,Neznámý
playerTitle,App-bar title on the player profile screen.,,PLAYER,HRÁČ
playerLoadError,Error state when the player fails to load.,{error},Could not load player.\n{error},Hráče se nepodařilo načíst.\n{error}
playerNotFound,Shown when the player can't be found.,,Player not found.,Hráč nenalezen.
playerClub,Heading over the player's club.,,CLUB,KLUB
playerClubRole,Player detail: label for how much football the player gets at his club.,,At his club,V klubu
playerPosition,Label: player position.,,Position,Pozice
playerPotential,Label for a young player's scouted development-ceiling star rating.,,Potential,Potenciál
playerAge,Label: player age.,,Age,Věk
playerValue,Label: player market value.,,Value,Hodnota
clubFirstChoice,Club standing: first choice.,,Plays every week,Hraje pravidelně
clubRotation,Club standing: rotation player.,,In and out,Střídavě
clubFringe,Club standing: fringe player.,,Barely playing,Hraje málo
clubFrozenOut,Club standing: frozen out.,,Not playing,Nehraje
clubAtClub,"Call-up row: a player's standing AT HIS CLUB, so ""Barely playing"" cannot be read as his standing with the national side.",{club} {standing},{club}: {standing},{club}: {standing}
yWinUpset0,"Y post: winUpset, variant 0.",{opponent} {score},I have watched football for thirty years and I did not see that coming. {opponent} beaten {score}.,Sleduju fotbal třicet let a tohle jsem nečekal. {opponent} poražen {score}.
yWinUpset1,"Y post: winUpset, variant 1.",{opponent} {score},Nobody gave them a prayer against {opponent}. {score}. Absolutely nobody.,Nikdo jim proti {opponent} nedával šanci. {score}.
yWinUpset2,"Y post: winUpset, variant 2.",{score} {opponent},{score} against {opponent}. Go and wake the neighbours.,{score} proti {opponent}. Vzbuďte sousedy.
yWinUpset3,"Y post: winUpset, variant 3.",{opponent} {score},That is the kind of night people describe to their grandchildren. {opponent} {score}.,Na takový večer se vzpomíná celý život. {opponent} {score}.
yWinUpset4,"Y post: winUpset, variant 4.",{score} {opponent},"{score} against {opponent}. However that happened, it happened.","{score} proti {opponent}. Ať se to stalo jakkoli, stalo se."
yWinUpset5,"Y post: winUpset, variant 5.",{opponent} {score},On paper this was over before it started. {opponent} {score} says otherwise.,Na papíře bylo hotovo před výkopem. {opponent} {score} říká něco jiného.
yWinUpset6,"Y post: winUpset, variant 6.",{opponent} {score},Beat {opponent} {score}. Nobody will believe that scoreline in a year.,Porazili jsme {opponent} {score}. Za rok tomu výsledku nikdo neuvěří.
yWinUpset7,"Y post: winUpset, variant 7.",{opponent} {score},"{opponent} {score}. Enjoy it, then look at the fixture list.",{opponent} {score}. Užijte si to a pak mrkněte na los.
yWinUpset8,"Y post: winUpset, variant 8.",{score} {opponent},"{score} against {opponent}, and we rode our luck for eighty of the ninety.","{score} proti {opponent}, a osmdesát z devadesáti minut jsme měli štěstí."
yWinUpset9,"Y post: winUpset, variant 9.",{opponent} {score},One night against {opponent} does not undo a year. {score}.,Jeden večer proti {opponent} nesmaže celý rok. {score}.
yWinUpset10,"Y post: winUpset, variant 10.",{opponent} {score},Beat {opponent} {score} and now we will be told we have turned a corner. We have not.,"Porazili jsme {opponent} {score} a teď nám budou tvrdit, že jsme se zlomili k lepšímu. Nezlomili."
yWinUpset11,"Y post: winUpset, variant 11.",{opponent} {score},{opponent} {score}. Wonderful. Ask me again when it matters.,"{opponent} {score}. Nádhera. Zeptejte se mě znovu, až o něco půjde."
yWinRoutine0,"Y post: winRoutine, variant 0.",{opponent} {score},"Beat {opponent} {score}. Exactly as it should be, and there is a pleasure in that.","Porazili jsme {opponent} {score}. Přesně jak má být, a i to má své kouzlo."
yWinRoutine1,"Y post: winRoutine, variant 1.",{score} {opponent},"{score} over {opponent}. Ruthless, and ruthless is a compliment.","{score} nad {opponent}. Bez slitování, a to je pochvala."
yWinRoutine2,"Y post: winRoutine, variant 2.",{opponent} {score},"{opponent} {score}. No fuss, no scare, no complaints.","{opponent} {score}. Žádné drama, žádné strachy, žádné výhrady."
yWinRoutine3,"Y post: winRoutine, variant 3.",{score} {opponent},A tidy {score} against {opponent}. This is what a good side looks like on a quiet day.,Čistých {score} proti {opponent}. Takhle vypadá dobrý tým v klidný den.
yWinRoutine4,"Y post: winRoutine, variant 4.",{score} {opponent},"{score} against {opponent}. Job done, nothing learned.","{score} proti {opponent}. Splněná povinnost, nic víc."
yWinRoutine5,"Y post: winRoutine, variant 5.",{opponent} {score},"Beat {opponent} {score}. We were supposed to, and we did.",Porazili jsme {opponent} {score}. Přesně jak se čekalo.
yWinRoutine6,"Y post: winRoutine, variant 6.",{score} {opponent},A professional {score} over {opponent}. Next.,Profesionální {score} nad {opponent}. Dál.
yWinRoutine7,"Y post: winRoutine, variant 7.",{opponent} {score},{opponent} dispatched {score}. File it and move on.,{opponent} odbyt {score}. Zapsat a jít dál.
yWinRoutine8,"Y post: winRoutine, variant 8.",{score} {opponent},{score} against {opponent} and we are supposed to applaud. For beating them.,{score} proti {opponent} a my máme tleskat. Za výhru nad nimi.
yWinRoutine9,"Y post: winRoutine, variant 9.",{score} {opponent},"Well done to everyone involved in the {score} over {opponent}, I suppose.","Gratulace všem zúčastněným ke {score} nad {opponent}, no."
yWinRoutine10,"Y post: winRoutine, variant 10.",{opponent} {score},"{opponent} {score}. Beating sides like that is the floor, not the achievement.","{opponent} {score}. Porážet takové týmy je minimum, ne úspěch."
yWinRoutine11,"Y post: winRoutine, variant 11.",{opponent} {score},We beat {opponent} {score} and looked laboured doing it.,Porazili jsme {opponent} {score} a vypadalo to těžkopádně.
yWinTight0,"Y post: winTight, variant 0.",{score} {opponent},{score} against {opponent} and every minute of it earned.,{score} proti {opponent} a každá minuta oddřená.
yWinTight1,"Y post: winTight, variant 1.",{opponent} {score},That took character. {opponent} {score}.,Tohle chtělo charakter. {opponent} {score}.
yWinTight2,"Y post: winTight, variant 2.",{opponent} {score},"Beat {opponent} {score} the hard way, which is the way that lasts.","Porazili jsme {opponent} {score} po těžkém, a proto cenném."
yWinTight3,"Y post: winTight, variant 3.",{score} {opponent},{score} against {opponent}. Sides that win these are the sides still standing in June.,"{score} proti {opponent}. Týmy, které tohle vyhrávají, jsou v červnu ještě ve hře."
yWinTight4,"Y post: winTight, variant 4.",{opponent} {score},"Nervy, ugly, and a win. {opponent} {score}.","Nervy, ošklivé a vítězné. {opponent} {score}."
yWinTight5,"Y post: winTight, variant 5.",{opponent} {score},Beat {opponent} {score}. Take the three points and never watch it again.,Porazili jsme {opponent} {score}. Body ber a záznam nikdy nepouštěj.
yWinTight6,"Y post: winTight, variant 6.",{score} {opponent},{score}. {opponent} made us work for every inch of that.,{score}. {opponent} nás nechal dřít o každý centimetr.
yWinTight7,"Y post: winTight, variant 7.",{opponent} {score},{opponent} {score}. Not pretty. Counts the same.,{opponent} {score}. Nebylo to hezké. Platí to stejně.
yWinTight8,"Y post: winTight, variant 8.",{score} {opponent},{score} against {opponent} and we made it ten times harder than it was.,{score} proti {opponent} a udělali jsme si to desetkrát těžší.
yWinTight9,"Y post: winTight, variant 9.",{opponent} {score},We should not be hanging on against {opponent}. {score}.,Proti {opponent} bychom neměli viset na vlásku. {score}.
yWinTight10,"Y post: winTight, variant 10.",{opponent} {score},"{opponent} {score}. Won it, and learned nothing good about ourselves.",{opponent} {score}. Vyhráli jsme a o sobě se nedozvěděli nic dobrého.
yWinTight11,"Y post: winTight, variant 11.",{score} {opponent},A {score} that flattered us against {opponent}.,"{score}, který nám proti {opponent} lichotil."
yDrew0,"Y post: drew, variant 0.",{opponent} {score},"A point against {opponent}, {score}. Take it and move on.","Bod proti {opponent}, {score}. Ber a jeď dál."
yDrew1,"Y post: drew, variant 1.",{score} {opponent},{score} with {opponent}. There are worse afternoons than this.,{score} s {opponent}. Bývají i horší odpoledne.
yDrew2,"Y post: drew, variant 2.",{opponent} {score},Held {opponent} to {score}. Not everything has to be a story.,Udrželi jsme s {opponent} {score}. Ne všechno musí být příběh.
yDrew3,"Y post: drew, variant 3.",{opponent} {score},{opponent} {score}. A point is a point and the table does not ask how.,{opponent} {score}. Bod je bod a tabulka se neptá jak.
yDrew4,"Y post: drew, variant 4.",{score} {opponent},{score} with {opponent}. Two points dropped or one gained. Pick your mood.,"{score} s {opponent}. Ztracené dva body, nebo získaný jeden. Vyber si."
yDrew5,"Y post: drew, variant 5.",{opponent} {score},"A draw against {opponent}, {score}. Nobody is happy, nobody is furious.","Remíza s {opponent}, {score}. Nikdo není šťastný ani vzteklý."
yDrew6,"Y post: drew, variant 6.",{opponent} {score},{opponent} {score}. The most forgettable ninety minutes of the year.,{opponent} {score}. Nejzapomenutelnějších devadesát minut roku.
yDrew7,"Y post: drew, variant 7.",{opponent} {score},"Shared the spoils with {opponent}, {score}. On we go.","Dělili jsme se s {opponent}, {score}. Jedeme dál."
yDrew8,"Y post: drew, variant 8.",{score} {opponent},{score} against {opponent}. Draws like this are how campaigns quietly die.,{score} proti {opponent}. Takové remízy tiše zabíjejí celé kampaně.
yDrew9,"Y post: drew, variant 9.",{opponent} {score},Two points thrown away against {opponent}. {score}. Nothing else to call it.,Dva body zahozené proti {opponent}. {score}. Jinak se to nazvat nedá.
yDrew10,"Y post: drew, variant 10.",{opponent} {score},{opponent} {score}. We had ninety minutes and no idea what to do with them.,"{opponent} {score}. Měli jsme devadesát minut a nevěděli, co s nimi."
yDrew11,"Y post: drew, variant 11.",{score} {opponent},A {score} with {opponent} that nobody will remember and everybody will pay for.,"{score} s {opponent}, který si nikdo nezapamatuje a všichni ho zaplatí."
yLost0,"Y post: lost, variant 0.",{score} {opponent},Beaten {score} by {opponent}. It happens.,Prohra {score} s {opponent}. Stává se.
yLost1,"Y post: lost, variant 1.",{opponent} {score},{opponent} {score}. Nothing to hang anybody for. On to the next.,{opponent} {score}. Není za co věšet. Jedeme dál.
yLost2,"Y post: lost, variant 2.",{score} {opponent},Lost {score} to {opponent} and gave everything. Some days that is not enough.,Prohráli jsme {score} s {opponent} a nechali tam všechno. Někdy to nestačí.
yLost3,"Y post: lost, variant 3.",{score} {opponent},{score} to {opponent}. Heads up. This side has plenty left.,{score} s {opponent}. Hlavu vzhůru. Tenhle tým má ještě dost.
yLost4,"Y post: lost, variant 4.",{opponent} {score},{opponent} {score}. We were second best and there is no argument.,{opponent} {score}. Byli jsme druzí a není o čem.
yLost5,"Y post: lost, variant 5.",{score} {opponent},Lost {score} to {opponent}. Regroup.,Prohráli jsme {score} s {opponent}. Přeskupit se.
yLost6,"Y post: lost, variant 6.",{score} {opponent},"{score} to {opponent}. Not a disgrace, not good enough.","{score} s {opponent}. Ne ostuda, ale málo."
yLost7,"Y post: lost, variant 7.",{score} {opponent},Beaten {score} by {opponent}. Learn something from it or it was wasted.,"Prohra {score} s {opponent}. Poučit se, nebo to bylo k ničemu."
yLost8,"Y post: lost, variant 8.",{score} {opponent},{score} to {opponent} and we did not lay a glove on them.,{score} s {opponent} a ani jsme se jich nedotkli.
yLost9,"Y post: lost, variant 9.",{opponent} {score},"Lost to {opponent}, {score}. Same problems, same month, same excuses coming.","Prohra s {opponent}, {score}. Stejné chyby, stejný měsíc, stejné výmluvy na cestě."
yLost10,"Y post: lost, variant 10.",{opponent} {score},{opponent} {score}. At what point does this stop being bad luck?,{opponent} {score}. Odkdy tohle přestává být smůla?
yLost11,"Y post: lost, variant 11.",{score} {opponent},Beaten {score} by {opponent}. That is a result that should cost somebody something.,Prohra {score} s {opponent}. Takový výsledek by měl někoho něco stát.
yLostBadly0,"Y post: lostBadly, variant 0.",{score} {opponent},"{score} to {opponent}. One bad night. Judge the side on the campaign, not this.","{score} s {opponent}. Jeden špatný večer. Soudit se má celá kampaň, ne tohle."
yLostBadly1,"Y post: lostBadly, variant 1.",{score} {opponent},Nobody wanted that {score} against {opponent} less than the players did.,Nikdo si {score} proti {opponent} nepřál míň než sami hráči.
yLostBadly2,"Y post: lostBadly, variant 2.",{opponent} {score},"{opponent} {score}. Ugly, and not who this team is.","{opponent} {score}. Ošklivé, a tenhle tým takový není."
yLostBadly3,"Y post: lostBadly, variant 3.",{score} {opponent},A {score} to forget against {opponent}. They will front up next time.,{score} na zapomenutí proti {opponent}. Příště se postaví čelem.
yLostBadly4,"Y post: lostBadly, variant 4.",{score} {opponent},{score}. To {opponent}. I have no words and I am paid to have words.,{score}. S {opponent}. Nemám slov a jsem placený za slova.
yLostBadly5,"Y post: lostBadly, variant 5.",{opponent} {score},{opponent} {score}. Somebody has to answer for that.,{opponent} {score}. Někdo se za to bude zodpovídat.
yLostBadly6,"Y post: lostBadly, variant 6.",{score} {opponent},I want the {score} against {opponent} struck from the record and from memory.,Chci {score} proti {opponent} vyškrtnout ze zápisu i z paměti.
yLostBadly7,"Y post: lostBadly, variant 7.",{score} {opponent},Beaten {score} by {opponent}. There is no spinning a scoreline like that.,Prohra {score} s {opponent}. Takový výsledek se okecat nedá.
yLostBadly8,"Y post: lostBadly, variant 8.",{opponent} {score},"That was not a defeat to {opponent}, it was a surrender. {score}.","To nebyla prohra s {opponent}, to byla kapitulace. {score}."
yLostBadly9,"Y post: lostBadly, variant 9.",{score} {opponent},{score}. Against {opponent}. People paid money to watch that.,{score}. S {opponent}. Lidé si za to koupili lístky.
yLostBadly10,"Y post: lostBadly, variant 10.",{opponent} {score},"{opponent} {score}. If that does not change something, nothing will.","{opponent} {score}. Jestli tohle něco nezmění, nezmění to nic."
yLostBadly11,"Y post: lostBadly, variant 11.",{score} {opponent},"I have seen this side humiliated before, but {score} by {opponent} is a new floor.","Viděl jsem tenhle tým ponížený už dřív, ale {score} s {opponent} je nové dno."
yTrophy0,"Y post: trophy, variant 0.",{opponent},CHAMPIONS. {opponent}. Say it out loud.,MISTŘI. {opponent}. Řekni to nahlas.
yTrophy1,"Y post: trophy, variant 1.",{opponent},We won it. {opponent}. I am not okay.,Vyhráli jsme to. {opponent}. Nejsem v pořádku.
yTrophy2,"Y post: trophy, variant 2.",{opponent},"{opponent}, and the trophy is coming home.","{opponent}, a pohár jede domů."
yTrophy3,"Y post: trophy, variant 3.",{opponent},Every single one of them a legend. {opponent}.,Každý z nich legenda. {opponent}.
yRunnerUp0,"Y post: runnerUp, variant 0.",{opponent},So close. {opponent} and a medal nobody wants.,"Tak blízko. {opponent} a medaile, kterou nikdo nechce."
yRunnerUp1,"Y post: runnerUp, variant 1.",{opponent},Runners-up at {opponent}. It will sting for years.,Druzí na {opponent}. Tohle bude bolet roky.
yRunnerUp2,"Y post: runnerUp, variant 2.",{opponent},{opponent}: one match from everything.,{opponent}: jeden zápas od všeho.
yRunnerUp3,"Y post: runnerUp, variant 3.",{opponent},Second. At {opponent}. Somebody pass the bottle.,Druhé místo. Na {opponent}. Podejte někdo láhev.
yEliminated0,"Y post: eliminated, variant 0.",{opponent},"Out at {opponent}. Same script, different year.","Konec na {opponent}. Stejný scénář, jiný rok."
yEliminated1,"Y post: eliminated, variant 1.",{opponent},{opponent} is where it ends. Again.,"{opponent} je místo, kde to končí. Zase."
yEliminated2,"Y post: eliminated, variant 2.",{opponent},Eliminated at {opponent}. Now the inquest.,Vyřazeni na {opponent}. A teď vyšetřování.
yEliminated3,"Y post: eliminated, variant 3.",{opponent},Knocked out at {opponent}. Somebody explain that to me.,Vypadli jsme na {opponent}. Ať mi to někdo vysvětlí.
yQualified0,"Y post: qualified, variant 0.",{opponent},WE ARE GOING TO {opponent}.,JEDEME NA {opponent}.
yQualified1,"Y post: qualified, variant 1.",{opponent},Qualified for {opponent}. Book the time off work.,Postup na {opponent}. Zařiďte si dovolenou.
yQualified2,"Y post: qualified, variant 2.",{opponent},"{opponent}, here we come. Never in doubt (it was entirely in doubt).","{opponent}, přicházíme. Nikdy jsme nepochybovali (pochybovali jsme pořád)."
yQualified3,"Y post: qualified, variant 3.",{opponent},Through to {opponent}. That is the hard part done.,Jsme na {opponent}. To těžké je za námi.
yGroupDrawn0,"Y post: groupDrawn, variant 0.",{opponent},Group drawn for {opponent}. Could be worse. Could be a lot worse.,Skupina pro {opponent} je venku. Mohlo být hůř. Mnohem hůř.
yGroupDrawn1,"Y post: groupDrawn, variant 1.",{opponent},So that is the {opponent} draw. Interesting.,Tak takhle dopadl los na {opponent}. Zajímavé.
yGroupDrawn2,"Y post: groupDrawn, variant 2.",{opponent},The {opponent} groups are out and I already do not like ours.,Skupiny na {opponent} jsou venku a ta naše se mi nelíbí.
yGroupDrawn3,"Y post: groupDrawn, variant 3.",{opponent},{opponent} draw made. Let the overreaction begin.,Los na {opponent} hotov. Ať začne přehánění.
yHostNamed0,"Y post: hostNamed, variant 0.",{opponent},{opponent} will host it. Start saving.,Pořádá {opponent}. Začněte šetřit.
yHostNamed1,"Y post: hostNamed, variant 1.",{opponent},"It is going to {opponent}. Predictable, but fine.","Jede se do {opponent}. Předvídatelné, ale dobře."
yHostNamed2,"Y post: hostNamed, variant 2.",{opponent},"{opponent} gets the tournament. Congratulations to them, I suppose.","Turnaj bere {opponent}. Gratuluji jim, asi."
yHostNamed3,"Y post: hostNamed, variant 3.",{opponent},Hosts confirmed: {opponent}.,Pořadatel potvrzen: {opponent}.
yTournamentSoon0,"Y post: tournamentSoon, variant 0.",{opponent},{opponent} starts soon and I cannot sit still.,{opponent} začíná brzy a já neposedím.
yTournamentSoon1,"Y post: tournamentSoon, variant 1.",{opponent},Not long now until {opponent}.,Už to nebude dlouho trvat do {opponent}.
yTournamentSoon2,"Y post: tournamentSoon, variant 2.",{opponent},"{opponent} is nearly here. Squad announcement, please.","{opponent} se blíží. Nominaci, prosím."
yTournamentSoon3,"Y post: tournamentSoon, variant 3.",{opponent},Countdown to {opponent} is officially unbearable.,Odpočet do {opponent} je oficiálně nesnesitelný.
navY,Bottom navigation label for the Y feed.,,Y,Y
yTitle,Title of the Y feed screen.,,Y,Y
yEmpty,Empty state on the Y feed.,,Nothing to say yet. Play a match.,Zatím není o čem. Odehraj zápas.
yEarlierHeading,Heading on the Y feed where the recent posts end and the older tournament news kept back from earlier in the cycle begins.,,Earlier this cycle,Dříve v tomto cyklu
hubEventGrievance,Player agency: hubEventGrievance.,{player},{player} wants a word,{player} si chce promluvit
hubEventGrievanceSub,Player agency: hubEventGrievanceSub.,,He wants to know where he stands,"Chce vědět, na čem je"
hubEventManagerSkills,Hub event: the once-a-cycle prompt to raise the manager's own skills.,"PLURAL — keep the {count, plural, …} skeleton exactly; translate only the words inside the branches","{count, plural, =1{1 skill point to spend} other{{count} skill points to spend}}","{count, plural, =1{1 bod dovedností k rozdělení} few{{count} body dovedností k rozdělení} other{{count} bodů dovedností k rozdělení}}"
hubEventManagerSkillsSub,Hub event subtitle: why the manager should spend his points.,,What you are good at makes your side better,"To, v čem jste dobří, dělá váš tým lepším"
grievanceTitle,Player agency: grievanceTitle.,,A word in your office,Slovo v kanceláři
grievanceGameTime,Player agency: grievanceGameTime.,{player},{player} has been in the squad and has not kicked a ball. He wants to know why.,{player} je v nominaci a nekopl do míče. Chce vědět proč.
grievanceSquadPlace,Player agency: grievanceSquadPlace.,{player},"{player} is not in the squad and cannot understand it. He wants telling, one way or the other.","{player} není v nominaci a nechápe to. Chce to slyšet, tak či tak."
grievanceRole,Player agency: grievanceRole.,{player},{player} keeps being played out of position and has had enough of it.,{player} hraje pořád mimo svůj post a má toho dost.
grievanceReassure,Player agency: grievanceReassure.,,You are in my plans,Počítám s tebou
grievanceHonest,Player agency: grievanceHonest.,,"You are behind others, and here is why","Jsi za ostatními, a tady je proč"
grievanceDismiss,Player agency: grievanceDismiss.,,I pick the team,Sestavu určuji já
yScorerStar0,Y post naming the match scorer and how many he got. Variant 0.,{name} {goals},{name} got {goals} of them. Nobody else is close.,{name} z toho dal {goals}. Nikdo jiný se nepřibližuje.
yScorerStar1,Y post naming the match scorer and how many he got. Variant 1.,{goals} {name},{goals} for {name}. He is carrying this side.,{goals} pro hráče {name}. Táhne celý tým.
yScorerStar2,Y post naming the match scorer and how many he got. Variant 2.,{name} {goals},{name}: {goals} on the day. Some player.,{name}: {goals} za zápas. To je fotbalista.
yScorerStar3,Y post naming the match scorer and how many he got. Variant 3.,{goals} {name},"Put {goals} past them, did {name}. Take a bow.",{goals} jim nasázel {name}. Klobouk dolů.
yScorerStar4,"Y post: scorerStar, variant 4.",{goals} {name},"{goals} for {name}, and the rest of them were passengers.","{goals} pro hráče {name}, ostatní se vezli."
yScorerStar5,"Y post: scorerStar, variant 5.",{name} {goals},{name} again. {goals}. Imagine this side without him.,Zase {name}. {goals}. Představte si ten tým bez něj.
yScorerStar6,"Y post: scorerStar, variant 6.",{goals} {name},{goals} from {name}. One man should not have to do this much.,{goals} od hráče {name}. Jeden člověk by toho neměl mít tolik na starost.
yScorerStar7,"Y post: scorerStar, variant 7.",{name} {goals},Take {name} out of that and it is {goals} fewer and a very different afternoon.,Vezměte odtud {name} a je to o {goals} míň a úplně jiné odpoledne.
yWinStreak0,Y post remarking on a run of wins. Variant 0.,{count},"{count} on the bounce. Whatever is being said in that dressing room, it is landing.","{count} v řadě. Ať se v kabině říká cokoli, funguje to."
yWinStreak1,Y post remarking on a run of wins. Variant 1.,{count},That is {count} straight. Sides do not stumble into runs like this.,Je to {count} za sebou. Do takové série se tým nepotká náhodou.
yWinStreak2,Y post remarking on a run of wins. Variant 2.,{count},{count} in a row and counting. The confidence is visible from the stands.,{count} výher v řadě a pokračuje se. Sebevědomí je vidět až na tribunu.
yWinStreak3,Y post remarking on a run of wins. Variant 3.,{count},No defeats in {count}. Ask anyone who has managed: that is the hard part.,"Ani jedna prohra v {count} zápasech. Zeptejte se kohokoli, kdo trénoval: tohle je to těžké."
yWinStreak4,"Y post: winStreak, variant 4.",{count},{count} in a row. Enjoy it while the fixtures are kind.,"{count} v řadě. Užijte si to, dokud je los milosrdný."
yWinStreak5,"Y post: winStreak, variant 5.",{count},"{count} straight, and we have beaten nobody of consequence.",{count} za sebou a neporazili jsme nikoho podstatného.
yWinStreak6,"Y post: winStreak, variant 6.",{count},A run of {count}. Ask me again when it is tested.,"Série {count} zápasů. Zeptejte se mě, až přijde zkouška."
yWinStreak7,"Y post: winStreak, variant 7.",{count},{count} on the trot. Every side has one of these in them once.,{count} v řadě. Tohle se jednou povede každému týmu.
yLossStreak0,Y post remarking on a run without a win. Variant 0.,{count},{count} without a win now. At some point the excuses run out.,Už {count} zápasů bez výhry. Výmluvy jednou dojdou.
yLossStreak1,Y post remarking on a run without a win. Variant 1.,{count},That is {count} in a row gone. This is not a blip any more.,To je {count} proher v řadě. Tohle už není výkyv.
yLossStreak2,Y post remarking on a run without a win. Variant 2.,{count},{count} straight defeats. Somebody has to answer for it.,{count} porážek za sebou. Někdo se z toho bude zpovídat.
yLossStreak3,Y post remarking on a run without a win. Variant 3.,{count},No wins in {count}. You can see it in how they play.,Žádná výhra v {count} zápasech. Je to na nich vidět.
yLossStreak4,"Y post: lossStreak, variant 4.",{count},{count} without a win and the same mistakes every week.,{count} bez výhry a každý týden stejné chyby.
yLossStreak5,"Y post: lossStreak, variant 5.",{count},"{count} in a row. Whatever is being tried, it is not working.","{count} v řadě. Ať se zkouší cokoli, nefunguje to."
yLossStreak6,"Y post: lossStreak, variant 6.",{count},"{count} straight. This is a direction, not a dip.","{count} za sebou. Tohle je směr, ne výkyv."
yLossStreak7,"Y post: lossStreak, variant 7.",{count},"No wins in {count}, and nobody upstairs has said a word.",Žádná výhra v {count} zápasech a nahoře ani slovo.
yRivalry0,Y post about a result against a rival nation. Variant 0.,{opponent} {score},{opponent} {score}. Say what you like about the football. This one counts double.,{opponent} {score}. Říkejte si o tom fotbale co chcete. Tenhle počítá dvakrát.
yRivalry1,Y post about a result against a rival nation. Variant 1.,{opponent} {score},"Against {opponent}, of all of them. {score}. Nobody here will forget it.",Zrovna proti týmu {opponent}. {score}. Tady na to nikdo nezapomene.
yRivalry2,Y post about a result against a rival nation. Variant 2.,{score} {opponent},{score} against {opponent}. That is the one they will talk about in the pubs.,{score} proti týmu {opponent}. O tomhle se bude mluvit v hospodách.
yRivalry3,Y post about a result against a rival nation. Variant 3.,{score},"Neighbours, {score}. Bragging rights settled for a while.","Sousedé, {score}. Právo se chlubit je na nějakou dobu rozdané."
yRivalry4,"Y post: rivalry, variant 4.",{opponent} {score},"{opponent} {score}. Whatever else happens this year, there is that.","{opponent} {score}. Ať se letos stane cokoli, tohle tu je."
yRivalry5,"Y post: rivalry, variant 5.",{score} {opponent},{score} against {opponent}. Some of us needed that more than the table did.,{score} proti týmu {opponent}. Někteří z nás to potřebovali víc než tabulka.
yRivalry6,"Y post: rivalry, variant 6.",{opponent} {score},"{opponent} {score}. And they will have it back next time, they always do.","{opponent} {score}. A příště si to vezmou zpátky, vždycky si to vezmou."
yRivalry7,"Y post: rivalry, variant 7.",{opponent} {score},"Against {opponent}, {score}. A whole year of being reminded about this one.","Proti týmu {opponent}, {score}. Celý rok nám to budou připomínat."
yInjuryBlow0,Y post about a player picking up an injury. Variant 0.,{name},{name} off injured. That is the last thing this side needed.,"{name} odstoupil zraněný. To bylo poslední, co tenhle tým potřeboval."
yInjuryBlow1,Y post about a player picking up an injury. Variant 1.,{name},Losing {name} changes the shape of everything.,Ztráta hráče {name} mění celé rozestavení.
yInjuryBlow2,Y post about a player picking up an injury. Variant 2.,{name},{name} limping. Hold your breath.,{name} kulhá. Zadržte dech.
yInjuryBlow3,Y post about a player picking up an injury. Variant 3.,{name},"No {name} for a while, then. Somebody has to step up.",Chvíli tedy bez hráče {name}. Někdo to musí vzít na sebe.
yInjuryBlow4,"Y post: injuryBlow, variant 4.",{name},{name} out. Of course it is {name}.,{name} je venku. No jasně že {name}.
yInjuryBlow5,"Y post: injuryBlow, variant 5.",{name},Without {name} this becomes a very ordinary team.,Bez hráče {name} je z toho hodně obyčejný tým.
yInjuryBlow6,"Y post: injuryBlow, variant 6.",{name},{name} injured again. Somebody should be asking why.,{name} je zase zraněný. Někdo by se měl ptát proč.
yInjuryBlow7,"Y post: injuryBlow, variant 7.",{name},"Lost {name}, and there is nobody behind him. That is the real problem.",Přišli jsme o hráče {name} a za ním nikdo není. To je ten skutečný problém.
yBoardPressure0,Y post about the board losing patience. Variant 0.,,The board have gone very quiet. That is never a good sign.,Vedení podezřele ztichlo. To nikdy nevěstí nic dobrého.
yBoardPressure1,Y post about the board losing patience. Variant 1.,,Word is the boardroom has started asking questions.,Prý se v kancelářích začalo ptát.
yBoardPressure2,Y post about the board losing patience. Variant 2.,,You can feel the ground shifting upstairs.,"Je cítit, že se nahoře něco hýbe."
yBoardPressure3,Y post about the board losing patience. Variant 3.,,Nobody at the federation is saying anything supportive. Draw your own conclusions.,Nikdo ve svazu neřekne jediné podporující slovo. Vyvoďte si z toho své.
yBoardPressure4,"Y post: boardPressure, variant 4.",,Nobody upstairs has backed him in public for weeks now.,Nahoře ho na veřejnosti nepodpořili už týdny.
yBoardPressure5,"Y post: boardPressure, variant 5.",,The federation is briefing against its own manager. Same as always.,Svaz podává informace proti vlastnímu trenérovi. Jako vždycky.
yBoardPressure6,"Y post: boardPressure, variant 6.",,"When a board goes silent, they have already decided.","Když vedení ztichne, už je rozhodnuto."
yBoardPressure7,"Y post: boardPressure, variant 7.",,They will let this drift until it is somebody else’s decision to make.,"Nechají to plavat, dokud to nebude rozhodnutí někoho jiného."
yReplies,"Heading over the other posts about the same event, on a Y post's detail.",,ALSO ABOUT THIS MATCH,TAKÉ K TOMUTO ZÁPASU
yPlayerGrievance0,Player agency: yPlayerGrievance0.,,Asked where I stand. Still waiting on an answer.,"Zeptal jsem se, na čem jsem. Pořád čekám na odpověď."
yPlayerGrievance1,Player agency: yPlayerGrievance1.,,Training hard. Not much else I can do.,Trénuju naplno. Víc dělat nemůžu.
yPlayerGrievance2,Player agency: yPlayerGrievance2.,,Some questions you only get to ask once.,Na některé otázky se ptáš jen jednou.
yPlayerGrievance3,Player agency: yPlayerGrievance3.,,I did not come this far to carry the bibs.,"Nedošel jsem takhle daleko, abych nosil rozlišováky."
playerHonoursTitle,Award: playerHonoursTitle.,,HONOURS,TROFEJE
awardGoldenBall,Award: awardGoldenBall.,,Golden Ball,Zlatý míč
awardGoldenBoot,Award: awardGoldenBoot.,,Golden Boot,Zlatá kopačka
awardGoldenGlove,Award: awardGoldenGlove.,,Golden Glove,Zlatá rukavice
awardTeamOfTournament,Award: awardTeamOfTournament.,,Team of the Tournament,Sestava turnaje
awardPlayerOfYear,Award: awardPlayerOfYear.,,World Player of the Year,Nejlepší hráč světa
awardYoungPlayerOfYear,Award: awardYoungPlayerOfYear.,,Young Player of the Year,Nejlepší mladý hráč
playerClubHistory,Heading above a player's list of club spells on the detail card.,,CLUB HISTORY,KLUBOVÁ HISTORIE
playerCareerRecord,Heading over the player's career record.,,CAREER RECORD,KARIÉRNÍ BILANCE
playerInternationalGoals,Label: international goals.,,International goals,Góly za reprezentaci
playerRecentForm,Heading over the player's recent form.,,RECENT FORM,AKTUÁLNÍ FORMA
playerMatchHistory,Heading over the player's match history.,,MATCH HISTORY,HISTORIE ZÁPASŮ
playerAttributes,Heading over the player's attributes.,,ATTRIBUTES,ATRIBUTY
playerUnknown,Fallback for an unknown player value.,,Unknown,Neznámý
playerAttrPace,Attribute label: pace.,,Pace,Rychlost
playerAttrPhysical,Attribute label: physical ability.,,Physical,Fyzično
playerAttrTechnical,Attribute label: technical ability.,,Technical,Technika
playerAttrShooting,Attribute label: shooting.,,Shooting,Střelba
playerAttrPassing,Attribute label: passing.,,Passing,Přihrávky
playerAttrDribbling,Attribute label: dribbling.,,Dribbling,Dribling
playerAttrTackling,Attribute label: tackling.,,Tackling,Odebírání
playerAttrPositioning,Attribute label: positioning.,,Positioning,Postavení
playerAttrComposure,Attribute label: composure.,,Composure,Klid
playerAttrDecisions,Attribute label: decisions.,,Decisions,Rozhodování
playerAttrStamina,Attribute label: stamina.,,Stamina,Výdrž
playerAttrStrength,Attribute label: strength.,,Strength,Síla
playerStatCaps,Stat label: caps.,,Caps,Starty
playerStatGoals,Stat label: goals.,,Goals,Góly
playerStatAssists,Stat label: assists.,,Assists,Asistence
playerStatAvgRating,Stat label: average rating.,,Avg rating,Prům. známka
playerStatForm,Stat label: form.,,Form,Forma
playerStatMotm,Stat label: player-of-the-match awards.,,Player of Match,Hráč zápasu
playerStatCleanSheets,Stat label: clean sheets.,,Clean sheets,Čistá konta
playerStatBestGame,Stat label: best game rating.,,Best game,Nejlepší zápas
playerStatCards,Stat label: cards.,,Cards,Karty
playerCardsValue,Card tally: yellow and red cards.,{yellows} {reds},{yellows}Y {reds}R,{yellows}Ž {reds}Č
tourSharedYourRun,Heading over the manager's run summary above a knockout bracket.,,YOUR RUN,VAŠE CESTA
tourSharedList,Bracket view toggle: list view.,,List,Seznam
tourSharedBracket,Bracket view toggle: visual bracket view.,,Bracket,Pavouk
tourSharedVs,Separator between two teams in an undecided knockout tie.,,vs,vs
tourSharedGroupSeed,"A finalist's group-stage seed, e.g. ""Group A2"".",{seed},Group {seed},Skupina {seed}
tourSharedThisEdition,Scorer chart toggle: this edition's scorers.,,This edition,Tento ročník
tourSharedAllTime,Scorer chart toggle: all-time scorers.,,All-time,Historie
tourSharedUnknown,Fallback name for an unknown player.,,Unknown,Neznámý
tourSharedActive,Chip marking a still-active player in the all-time scorer chart.,,ACTIVE,AKTIVNÍ
tourSharedMedalTable,Heading over a competition's all-time medal table.,,MEDAL TABLE,MEDAILOVÉ POŘADÍ
tourSharedPastWinners,Heading over a competition's list of past editions.,,PAST WINNERS,MINULÍ VÍTĚZOVÉ
tourSharedHost,Host nation of a past edition.,{host},Host: {host},Pořadatel: {host}
tourSharedBeat,Shown between champion and runner-up when the final's scoreline is unknown.,,beat,porazil
tourSharedPens,Suffix on a final's scoreline decided on penalties (leading space intentional).,, (pens), (pen.)
tourSharedAwardsEmpty,Empty state on the awards tab before the tournament is finished.,,The awards are decided once the tournament is played out.,Ocenění se udělují po odehrání turnaje.
tourSharedGoldenBall,Award label: best player of the tournament.,,GOLDEN BALL,ZLATÝ MÍČ
tourSharedPlayerOfTournament,Subtitle of the Golden Ball award.,,Player of the Tournament,Hráč turnaje
tourSharedGoldenBoot,Award label: top scorer of the tournament.,,GOLDEN BOOT,ZLATÁ KOPAČKA
tourSharedGoalsCount,A tally of goals.,"PLURAL — keep the {count, plural, …} skeleton exactly; translate only the words inside the branches","{count, plural, one{1 goal} other{{count} goals}}","{count, plural, one{1 gól} few{{count} góly} many{{count} gólu} other{{count} gólů}}"
tourSharedGoldenGlove,Award label: best goalkeeper of the tournament.,,GOLDEN GLOVE,ZLATÁ RUKAVICE
tourSharedTeamOfTournament,Heading over the best XI of the tournament.,,TEAM OF THE TOURNAMENT,JEDENÁCTKA TURNAJE
tourSharedStatsEmpty,Empty state on the stats tab before the competition has history.,,Records appear once the competition has some history.,"Rekordy se objeví, jakmile má soutěž nějakou historii."
tourSharedRecordScorer,Record label: the competition's all-time top scorer.,,RECORD SCORER,REKORDNÍ STŘELEC
tourSharedStillActive,Note that a record-holding player is still playing.,,still active,stále aktivní
tourSharedMostTitles,Record label: nation with the most titles.,,MOST TITLES,NEJVÍCE TITULŮ
tourSharedTitlesCount,A tally of titles won.,"PLURAL — keep the {count, plural, …} skeleton exactly; translate only the words inside the branches","{count, plural, one{1 title} other{{count} titles}}","{count, plural, one{1 titul} few{{count} tituly} many{{count} titulu} other{{count} titulů}}"
tourSharedMostFinals,Record label: nation that reached the most finals.,,MOST FINALS,NEJVÍCE FINÁLE
tourSharedFinalsContested,A tally of finals a nation contested.,"PLURAL — keep the {count, plural, …} skeleton exactly; translate only the words inside the branches","{count, plural, one{1 final contested} other{{count} finals contested}}","{count, plural, one{1 odehrané finále} few{{count} odehraná finále} many{{count} odehraného finále} other{{count} odehraných finále}}"
tourSharedMostGamesPlayed,Record label: player with the most matches in this cup.,,MOST GAMES PLAYED,NEJVÍCE ODEHRANÝCH ZÁPASŮ
tourSharedMatchesCount,A tally of matches played.,"PLURAL — keep the {count, plural, …} skeleton exactly; translate only the words inside the branches","{count, plural, one{1 match} other{{count} matches}}","{count, plural, one{1 zápas} few{{count} zápasy} many{{count} zápasu} other{{count} zápasů}}"
tourSharedMostFinalsPlayed,Record label: player who attended the most finals tournaments.,,MOST FINALS PLAYED,NEJVÍCE ODEHRANÝCH TURNAJŮ
tourSharedFinalsTournamentsCount,A tally of finals tournaments attended.,"PLURAL — keep the {count, plural, …} skeleton exactly; translate only the words inside the branches","{count, plural, one{1 finals tournament} other{{count} finals tournaments}}","{count, plural, one{1 finálový turnaj} few{{count} finálové turnaje} many{{count} finálového turnaje} other{{count} finálových turnajů}}"
tourSharedBiggestFinalWin,Record label: the biggest winning margin in a final.,,BIGGEST FINAL WIN,NEJVYŠŠÍ VÝHRA VE FINÁLE
tourStatsGoals,A tally of goals scored.,"PLURAL — keep the {count, plural, …} skeleton exactly; translate only the words inside the branches","{count, plural, =1{1 goal} other{{count} goals}}","{count, plural, =1{1 gól} few{{count} góly} other{{count} gólů}}"
tourStatsStillActive,Suffix noting a record holder is still playing.,,still active,stále aktivní
tourStatsTitles,A tally of titles won.,"PLURAL — keep the {count, plural, …} skeleton exactly; translate only the words inside the branches","{count, plural, =1{1 title} other{{count} titles}}","{count, plural, =1{1 titul} few{{count} tituly} other{{count} titulů}}"
tourStatsFinalsContested,A tally of finals a nation has contested.,"PLURAL — keep the {count, plural, …} skeleton exactly; translate only the words inside the branches","{count, plural, =1{1 final contested} other{{count} finals contested}}","{count, plural, =1{1 finále} other{{count} finále}}"
tourStatsMatches,A tally of matches played.,"PLURAL — keep the {count, plural, …} skeleton exactly; translate only the words inside the branches","{count, plural, =1{1 match} other{{count} matches}}","{count, plural, =1{1 zápas} few{{count} zápasy} other{{count} zápasů}}"
tourStatsFinalsTournaments,A tally of tournaments in which a player reached the final.,"PLURAL — keep the {count, plural, …} skeleton exactly; translate only the words inside the branches","{count, plural, =1{1 finals tournament} other{{count} finals tournaments}}","{count, plural, =1{1 turnaj} few{{count} turnaje} other{{count} turnajů}}"
tourStatsLeaders,Heading above the all-time leaderboard tables.,,ALL-TIME LEADERS,HISTORICKÉ TABULKY
tourStatsTabGames,Leaderboard tab: most matches played.,,Games,Zápasy
tourStatsTabCups,Leaderboard tab: most cup editions played.,,Cups,Turnaje
tourStatsTabScorers,Leaderboard tab: top goalscorers.,,Scorers,Střelci
tourSharedFinalWinDetail,Detail line under the biggest-final-win record: opponent and year.,{opponent} {year},v {opponent} · {year},s {opponent} · {year}
tourHolders,Tournament detail: label on the strip naming the nation that holds the trophy coming into this edition.,,HOLDERS,OBHÁJCE
tourHoldersSince,"Tournament detail: the year the holders won the trophy, shown beside their name.",{year},won in {year},od {year}
tourSharedAllTimeScorers,Heading over the all-time scorer chart on the stats tab.,,ALL-TIME SCORERS,NEJLEPŠÍ STŘELCI HISTORIE
tourSharedSummaryEmpty,Empty state on the summary tab before the edition is drawn.,,The host and its stadiums appear once this edition is drawn.,Pořadatel a jeho stadiony se objeví po vylosování ročníku.
tourSharedHostHeading,Heading over a single host nation.,,HOST,POŘADATEL
tourSharedHostsHeading,Heading over multiple host nations.,,HOSTS,POŘADATELÉ
tourSharedCoHostsHeading,Heading over jointly hosting nations.,,CO-HOSTS,SPOLUPOŘADATELÉ
tourSharedVenues,Heading over the list of tournament stadiums.,,VENUES,STADIONY
tourSharedMascot,Label for the edition's official mascot.,,MASCOT,MASKOT
tourSharedMatchBall,Label for the edition's official match ball.,,MATCH BALL,MÍČ TURNAJE
tourSharedVenueSeats,A stadium's city and seat count.,{city} {capacity},{city} · {capacity} seats,{city} · {capacity} míst
tourSharedCouldNotLoad,Generic error when the kickoff ceremony fails to load.,,Could not load.,Nepodařilo se načíst.
tourSharedHostTbc,Kickoff ceremony host line before the host is known.,,HOST TO BE CONFIRMED,POŘADATEL BUDE POTVRZEN
tourSharedFinalsAreHere,Kickoff ceremony tagline.,,THE FINALS ARE HERE,FINÁLOVÝ TURNAJ ZAČÍNÁ
tourSharedHostedBy,Kickoff ceremony host line (double space intentional).,{hosts},HOSTED BY  {hosts},POŘÁDÁ  {hosts}
tourSharedLetFinalsBegin,Button that closes the kickoff ceremony and starts the finals.,,Let the finals begin,Ať finále začne
tourSharedCompetitions,App-bar title on the tournaments overview.,,COMPETITIONS,SOUTĚŽE
tourSharedWorldRanking,Tooltip on the world-ranking button.,,World ranking,Světový žebříček
tourSharedCouldNotLoadTournaments,Error when the tournaments overview fails to load.,,Could not load tournaments.,Nepodařilo se načíst turnaje.
tourSharedPrestigeStage,Eyebrow heading above the tournaments overview title.,,PRESTIGE STAGE,PRESTIŽNÍ FÁZE
tourSharedOverview,Title of the tournaments overview screen.,,Overview,Přehled
tourSharedWorldRankingTitle,Title of the world-ranking card on the tournaments overview.,,World Ranking,Světový žebříček
tourSharedYourCompetitions,Section heading for the player's own competitions.,,YOUR COMPETITIONS,VAŠE SOUTĚŽE
tourSharedOtherContinents,Section heading for other continents' competitions.,,OTHER CONTINENTS,OSTATNÍ KONTINENTY
tourSharedComingSoon,Snackbar shown when tapping a not-yet-available competition tile.,,Tournament coming soon,Turnaj již brzy
tourSharedSoon,Fallback status badge for a competition tile not yet available.,,SOON,BRZY
tourSharedNoQualifyingDraw,Shown when there is no qualifying draw to display.,,No qualifying draw.,Žádný kvalifikační los.
tourSharedOpenEnvelope,Button that reveals the drawn World Championship host.,,Open the envelope,Otevřít obálku
tourSharedGroupName,"A draw group's heading, e.g. ""GROUP A"".",{name},GROUP {name},SKUPINA {name}
tourSharedBall,Draw grain toggle: reveal one team (ball) at a time.,,Ball,Míč
tourSharedPot,Draw grain toggle: reveal a whole pot at a time.,,Pot,Koš
tourSharedAll,Draw grain toggle: reveal the whole draw at once.,,All,Vše
tourSharedTapDrawTeam,Hint under the draw when revealing one team at a time.,,Tap to draw the next team,Klepnutím vylosujete další tým
tourSharedTapDrawPot,Hint under the draw when revealing a whole pot at a time.,,Tap to draw the next pot,Klepnutím vylosujete další koš
tourSharedTapDrawAll,Hint under the draw when revealing everything at once.,,Tap to reveal the whole draw,Klepnutím odhalíte celý los
tourSharedContinue,Button that closes the draw ceremony once it's complete.,,Continue,Pokračovat
tourSharedPause,Button that pauses the auto-playing draw.,,Pause,Pozastavit
tourSharedPlay,Button that resumes the auto-playing draw.,,Play,Přehrát
tourSharedSkip,Button that reveals the entire draw at once.,,Skip,Přeskočit
tourSharedPotNumber,"A numbered draw pot, e.g. ""POT 1"".",{number},POT {number},KOŠ {number}
tourSharedDrawComplete,Centre-stage label shown when the draw is finished.,,DRAW COMPLETE,LOS DOKONČEN
tourSharedDrawing,Centre-stage label shown between draws.,,DRAWING…,LOSOVÁNÍ…
tourContChampionship,Continental championship screen title.,,CHAMPIONSHIP,ŠAMPIONÁT
tourContTabSummary,Tab label: summary.,,SUMMARY,PŘEHLED
tourContTabQualifying,Tab label: qualifying.,,QUALIFYING,KVALIFIKACE
tourContTabFinals,Tab label: finals tournament.,,FINALS,FINÁLOVÝ TURNAJ
tourContTabBracket,Tab label: knockout bracket.,,BRACKET,PAVOUK
tourContTabAwards,Tab label: awards.,,AWARDS,OCENĚNÍ
tourContTabScorers,Tab label: scorers.,,SCORERS,STŘELCI
tourContTabHistory,Tab label: history.,,HISTORY,HISTORIE
tourContTabRecords,Tab label: records.,,RECORDS,REKORDY
tourContCouldNotLoadCup,Error state when the cup fails to load.,{error},Could not load cup.\n{error},Nepodařilo se načíst pohár.\n{error}
tourContNoCupData,Shown when there is no cup data.,,No cup data.,Žádná data o poháru.
tourContUnknown,Fallback for an unknown value.,,Unknown,Neznámý
tourContGroupsToBeDrawnQual,Shown before the qualifying groups are drawn.,,The qualifying groups are drawn at the ceremony. Watch from the hub to see who you face.,"Kvalifikační skupiny se losují při ceremoniálu. Sledujte z rozcestníku, koho dostanete."
tourContQualSeeded,Shown when the nation is seeded straight into the finals.,,Your nation is seeded straight into the finals. No qualifying this cycle.,Váš národ postupuje přímo do finálového turnaje. V tomto cyklu se nehraje kvalifikace.
tourContBackgroundRegion,Explains a region is simulated in the background.,{name},{name} is simulated in the background. Results appear here as each round is played.,{name} se simuluje na pozadí. Výsledky se zde objeví po odehrání každého kola.
tourContGroupsToBeDrawnFinals,Shown before the finals groups are drawn.,,The finals groups are drawn at the ceremony. Watch from the hub to see your group.,Skupiny finálového turnaje se losují při ceremoniálu. Sledujte z rozcestníku svou skupinu.
tourContFinalsDrawAfterQual,Shown when the finals draw awaits qualifying completion.,,The finals draw takes place once qualifying is complete.,Los finálového turnaje proběhne po skončení kvalifikace.
tourContContestedBeforeWc,Explains the knockout rounds precede the World Championship.,,The knockout rounds are played out before the World Championship.,Vyřazovací fáze se odehraje před mistrovstvím světa.
tourContChampionsHeading,Heading naming a tournament's champions.,{name},{name} CHAMPIONS,{name}: ŠAMPIONI
tourContWinnersTitle,Winners list title for a tournament.,{name},{name} winners,vítězové soutěže {name}
tourContNoGoalsYet,Empty state for scorers.,,No goals scored yet.,Zatím nepadl žádný gól.
tourContGroupHeading,Group heading with its letter.,{name},GROUP {name},SKUPINA {name}
tourContBestRunnersUp,Heading for the best runners-up table.,,BEST RUNNERS-UP,NEJLEPŠÍ DRUHÁ MÍSTA
tourContGroupDropdown,Group option in a dropdown.,{name},Group {name},Skupina {name}
tourContMatches,Heading above a matches list.,,MATCHES,ZÁPASY
tourContNoGroupsDrawn,Empty state when no groups are drawn.,,No groups drawn yet.,Zatím nebyly vylosovány žádné skupiny.
tourContQualifyingDraw,Qualifying draw screen title.,,QUALIFYING DRAW,LOS KVALIFIKACE
tourContGroupDraw,Group draw screen title.,,GROUP DRAW,LOS SKUPIN
tourContCouldNotLoadDraw,Error state when the draw fails to load.,{error},Could not load draw.\n{error},Nepodařilo se načíst los.\n{error}
tourContDrawNotReady,Shown when the draw is not ready.,,The draw is not ready yet.,Los zatím není připraven.
tourContContinentalClash,Continental Clash screen title.,,CONTINENTAL CLASH,SOUBOJ KONTINENTŮ
tourContTabThisCycle,Tab label: this cycle.,,THIS CYCLE,TENTO CYKLUS
tourContCouldNotLoadClash,Error state when the clash fails to load.,{error},Could not load.\n{error},Nepodařilo se načíst.\n{error}
tourContNoSaveFound,Shown when the save can't be found.,,Save not found.,Uložená hra nenalezena.
tourContClashSoon,Explains when the Continental Clash is played.,,The Continental Clash is played once both continental champions are known.,"Souboj kontinentů se hraje, jakmile jsou známi oba kontinentální šampioni."
tourContTwoContinentsOneMatch,Continental Clash tagline.,,"TWO CONTINENTS, ONE MATCH","DVA KONTINENTY, JEDEN ZÁPAS"
tourContVersusShort,Short versus separator.,,vs,vs
tourContWinTheClash,Line naming the Continental Clash winner.,{name},{name} win the Clash,{name} vyhrává Souboj kontinentů
tourContNoClashYet,Empty state when no clash has been played.,,No Continental Clash played yet.,Zatím se neodehrál žádný Souboj kontinentů.
tourContNationsCup,Nations Cup screen title.,,NATIONS CUP,POHÁR NÁRODŮ
tourContTabLeagues,Tab label: leagues.,,LEAGUES,LIGY
tourContTabFinalsFour,Tab label: finals four.,,FINALS FOUR,FINÁLOVÁ ČTYŘKA
tourContCouldNotLoad,Generic load-error message.,{error},Could not load.\n{error},Nepodařilo se načíst.\n{error}
tourContNoNationsCupGoals,Empty state for Nations Cup scorers.,,No Nations Cup goals recorded yet.,Zatím nebyly zaznamenány žádné góly Poháru národů.
tourContNoNationsCupChampions,Empty state for Nations Cup champions.,,No Nations Cup champions crowned yet.,Zatím nebyl korunován žádný vítěz Poháru národů.
tourContNationsCupOffSeason,Shown when the Nations Cup is off-season.,,This cycle’s Nations Cup begins after the continental finals. Past winners are under History.,Pohár národů tohoto cyklu začíná po kontinentálních šampionátech. Dřívější vítězové jsou v sekci Historie.
tourContNationsCupGroupsSoon,Shown before the Nations Cup groups are drawn.,,This cycle’s Nations Cup groups are drawn at the ceremony. Watch from the hub to see who you face.,"Skupiny Poháru národů se v tomto cyklu losují při ceremoniálu. Sledujte z rozcestníku, koho dostanete."
tourContLeagueHeading,League heading with its letter.,{letter},LEAGUE {letter},LIGA {letter}
tourContLeagueHeadingYours,League heading marking the manager's league.,{letter},LEAGUE {letter} · YOUR LEAGUE,LIGA {letter} · VAŠE LIGA
tourContFinalsFourSoon,Explains when the Finals Four is contested.,,The Finals Four is contested by League A’s group winners once the group stage is done.,Finálovou čtyřku hrají vítězové skupin Ligy A po skončení skupinové fáze.
tourContLeagueChip,League chip with its letter.,{letter},League {letter},Liga {letter}
tourContLeagueChipStar,League chip marking the manager's league with a star.,{letter},League {letter} ★,Liga {letter} ★
tourContSemiFinals,Heading: semi-finals.,,SEMI-FINALS,SEMIFINÁLE
tourContFinal,Heading: final.,,FINAL,FINÁLE
tourContNationsCupDraw,Nations Cup draw screen title.,,NATIONS CUP DRAW,LOS POHÁRU NÁRODŮ
tourContIntercontinentalPlayoff,Intercontinental play-off screen title.,,INTERCONTINENTAL PLAY-OFF,MEZIKONTINENTÁLNÍ BARÁŽ
tourContNoPlayoffThisCycle,Shown when there is no play-off this cycle.,,No play-off this cycle.,V tomto cyklu se baráž nehraje.
tourContPlayoffIntro,Intro explaining the intercontinental play-off.,,Two World Championship places decided across a knockout of the best qualifying also-rans.,"O dvě místa na mistrovství světa rozhodne vyřazovací pavouk nejlepších týmů, které v kvalifikaci těsně nepostoupily."
tourContPlayoffThrough,Shown when the manager wins the play-off.,,You came through the play-off. You're at the World Championship!,Prošli jste baráží. Jedete na mistrovství světa!
tourContPlayoffOut,Shown when the manager loses the play-off.,,You fell short in the play-off. No World Championship this time.,V baráži jste nestačili. Mistrovství světa tentokrát nebude.
tourContContinue,Button to continue.,,Continue,Pokračovat
tourContPlayoffFinals,Heading: play-off finals.,,PLAY-OFF FINALS,FINÁLE BARÁŽE
tourContPlayoffSeeded,Tag on the two top-ranked play-off teams that skip the semi-finals and enter a path final directly.,,Seeded (bye),Nasazen (volný los)
tourCupTabSummary,World Championship detail: tourCupTabSummary,,SUMMARY,PŘEHLED
tourCupTabQualifying,World Championship detail: tourCupTabQualifying,,QUALIFYING,KVALIFIKACE
tourCupTabPlayoff,World Championship detail tab: the intercontinental play-off.,,PLAY-OFF,BARÁŽ
tourCupPlayoffSoon,Shown on the play-off tab before qualifying finishes.,,The intercontinental play-off is decided once every confederation's qualifying is complete.,"Mezikontinentální baráž se rozhodne, jakmile skončí kvalifikace ve všech konfederacích."
tourCupTabFinals,World Championship detail: tourCupTabFinals,,FINALS,FINÁLOVÝ TURNAJ
tourCupTabBracket,World Championship detail: tourCupTabBracket,,BRACKET,PAVOUK
tourCupTabAwards,World Championship detail: tourCupTabAwards,,AWARDS,OCENĚNÍ
tourCupTabScorers,World Championship detail: tourCupTabScorers,,SCORERS,STŘELCI
tourCupTabHistory,World Championship detail: tourCupTabHistory,,HISTORY,HISTORIE
tourCupTabRecords,World Championship detail: tourCupTabRecords,,RECORDS,REKORDY
tourCupTitle,World Championship detail: tourCupTitle,,WORLD CHAMPIONSHIP,MISTROVSTVÍ SVĚTA
tourCupNoData,World Championship detail: tourCupNoData,,No cup data.,Žádná data o turnaji.
tourCupLoadError,World Championship detail: tourCupLoadError,{error},Could not load cup.\n{error},Nepodařilo se načíst turnaj.\n{error}
tourCupUnknown,World Championship detail: tourCupUnknown,,Unknown,Neznámý
tourCupWorldChampions,World Championship detail: tourCupWorldChampions,,WORLD CHAMPIONS,MISTŘI SVĚTA
tourCupWorldChampionsTitle,World Championship detail: tourCupWorldChampionsTitle,,World Champions,Mistři světa
tourCupStillActive,World Championship detail: tourCupStillActive,,Still active,Stále aktivní
tourCupAllTimeScorers,World Championship detail: tourCupAllTimeScorers,,ALL-TIME SCORERS,NEJLEPŠÍ STŘELCI HISTORIE
tourCupAllConfederations,World Championship detail: tourCupAllConfederations,,All confederations,Všechny konfederace
tourCupBestRunnersUp,World Championship detail: tourCupBestRunnersUp,,Best runners-up,Nejlepší týmy na druhých místech
tourCupCompWorld,World Championship detail: tourCupCompWorld,,World Championship,Mistrovství světa
tourCupCompEurope,World Championship detail: tourCupCompEurope,,European Championship,Mistrovství Evropy
tourCupCompSAmerica,World Championship detail: tourCupCompSAmerica,,South America Cup,Pohár Jižní Ameriky
tourCupDestFinals,World Championship detail: tourCupDestFinals,,the finals,finálový turnaj
tourCupDestFinalsPlayoff,World Championship detail: tourCupDestFinalsPlayoff,,the finals play-off,finálovou baráž
tourCupDestIntercontPlayoff,World Championship detail: tourCupDestIntercontPlayoff,,the intercontinental play-off,mezikontinentální baráž
tourCupFinalsDrawnAfterQual,World Championship detail: tourCupFinalsDrawnAfterQual,,The finals are drawn once qualifying ends.,Finálový turnaj se losuje po skončení kvalifikace.
tourCupFinalsDrawSoon,World Championship detail: tourCupFinalsDrawSoon,,Groups to be drawn. Watch the World Championship draw from the hub to reveal them.,Skupiny budou vylosovány. Sledujte los MS z rozcestníku.
tourCupGroupName,World Championship detail: tourCupGroupName,{name},Group {name},Skupina {name}
tourCupGroupNameShort,World Championship detail: tourCupGroupNameShort,{name},Group {name},Skupina {name}
tourCupHostLabel,World Championship detail: tourCupHostLabel,{host},Hosted by {host},Pořádá {host}
tourCupHostLabelMulti,"World Championship detail: hosted by two or more co-hosts, shown as country codes separated by middle dots (e.g. ""USA · CAN · MEX"").",{hosts},Hosted by {hosts},Pořádají {hosts}
tourCupIntercontPlayoff,World Championship detail: tourCupIntercontPlayoff,,Intercontinental play-off,Mezikontinentální baráž
tourCupKnockoutSoon,World Championship detail: tourCupKnockoutSoon,,The bracket begins once the group stage ends.,Pavouk začíná po skončení skupinové fáze.
tourCupMatches,World Championship detail: tourCupMatches,,MATCHES,ZÁPASY
tourCupMedalTable,World Championship detail: tourCupMedalTable,,MEDAL TABLE,MEDAILOVÉ POŘADÍ
tourCupMostTitles,World Championship detail: tourCupMostTitles,,MOST TITLES,NEJVÍCE TITULŮ
tourCupMostTitlesValue,World Championship detail: tourCupMostTitlesValue,{nation} {titles} {editions},{nation}: {titles} titles from {editions} editions,{nation}: {titles} titulů z {editions} ročníků
tourCupNoGoals,World Championship detail: tourCupNoGoals,,No goals yet.,Zatím žádné góly.
tourCupNoGroups,World Championship detail: tourCupNoGroups,,No groups drawn.,Žádné skupiny nebyly vylosovány.
tourCupNoHistory,World Championship detail: tourCupNoHistory,,No history yet.,Zatím žádná historie.
tourCupPastWinners,World Championship detail: tourCupPastWinners,,PAST WINNERS,MINULÍ VÍTĚZOVÉ
tourCupPlayoffIntro,World Championship detail: tourCupPlayoffIntro,,Two World Championship places decided across a knockout of the best qualifying also-rans.,Dvě místa na MS se rozhodnou v play-off nejlepších týmů z kvalifikace.
tourCupQualDrawSoon,World Championship detail: tourCupQualDrawSoon,,Groups to be drawn. Watch the qualifying draw from the hub to reveal them.,Skupiny budou vylosovány. Sledujte los kvalifikace z rozcestníku.
tourCupRegionYours,World Championship detail: tourCupRegionYours,{region},{region} · yours,{region} · vaše
tourCupScorePens,World Championship detail: tourCupScorePens,{home} {away},{home}–{away} (pens),{home}–{away} (pen.)
tourCupSegAllTime,World Championship detail: tourCupSegAllTime,,All-time,Historie
tourCupSegFinals,World Championship detail: tourCupSegFinals,,Finals,Finálový turnaj
tourCupSegQualifying,World Championship detail: tourCupSegQualifying,,Qualifying,Kvalifikace
playerTraitsTitle,What this player is known for — the traits card heading.,,KNOWN FOR,ZNÁMÝ PRO
traitBigGame,Trait name: rises for knockout ties.,,Big-game player,Hráč na velké zápasy
traitBigGameBlurb,Trait effect.,,Raises his game in knockout ties.,Ve vyřazovacích zápasech zvedne svou hru.
traitSetPiece,Trait name: dead-ball delivery.,,Set-piece specialist,Specialista na standardky
traitSetPieceBlurb,Trait effect.,,"Better delivery, and more goals from dead balls.",Lepší centry a více gólů ze standardek.
traitHothead,Trait name: card-prone.,,Hothead,Vznětlivý
traitHotheadBlurb,Trait effect.,,Picks up far more cards than his team-mates.,Sbírá výrazně více karet než spoluhráči.
traitIronMan,Trait name: durable.,,Iron man,Železný muž
traitIronManBlurb,Trait effect.,,Rarely gets hurt and tires more slowly.,Málokdy se zraní a pomaleji se unaví.
traitWonderkid,Trait name: young and improving.,,Wonderkid,Zázračné dítě
traitWonderkidBlurb,Trait effect.,,"Young, already good, and still improving fast.","Mladý, už dobrý a rychle se zlepšuje."
traitLeader,Trait name: captain material.,,Leader,Vůdce
traitLeaderBlurb,Trait effect.,,Lifts every team-mate on the pitch.,Zvedá výkon všech spoluhráčů na hřišti.
traitPacey,Trait name: quick.,,Pacey,Rychlík
traitPaceyBlurb,Trait effect.,,"Blistering pace, a threat in behind.","Extrémní rychlost, hrozba za obranou."
traitOldHead,Trait name: veteran.,,Old head,Zkušený matador
traitOldHeadBlurb,Trait effect.,,A veteran whose reading of the game outlasts his legs.,"Veterán, jehož čtení hry přežilo jeho nohy."
traitWasteful,Trait name: poor finisher.,,Wasteful,Zahazovač
traitWastefulBlurb,Trait effect.,,Puts too many good chances wide.,Zahazuje příliš mnoho dobrých šancí.
objectiveWorldCup,"The World Championship, named as a competition in a board objective.",,World Championship,Mistrovství světa
objectiveWinTournament,"Board objective for the strongest sides: win the tournament. Generic, because the board now sets one for the continental cup as well as the World Championship.",,Win it,Vyhrát turnaj
objectiveQualifyGeneric,Board objective at its lowest bar: just reach the tournament.,,Qualify,Postoupit na turnaj
hubBoardObjectiveFor,Board objective line naming the competition it applies to.,{competition} {label},{competition}: {label},{competition}: {label}
objectiveWinWorldCup,Shared label: objectiveWinWorldCup,,Win the World Championship,Vyhrát mistrovství světa
objectiveReachFinal,"Board objective: reach the final. Generic — the board sets one for the continental cup as well as the World Championship, so it must not name a competition.",,Reach the final,Postoupit do finále
objectiveReachSemis,Shared label: objectiveReachSemis,,Reach the semi-finals,Postoupit do semifinále
objectiveReachQuarters,Shared label: objectiveReachQuarters,,Reach the quarter-finals,Postoupit do čtvrtfinále
objectiveReachKnockouts,Shared label: objectiveReachKnockouts,,Reach the knockout rounds,Postoupit do vyřazovací fáze
objectiveQualify,Shared label: objectiveQualify,,Qualify for the World Championship,Postoupit na mistrovství světa
finishChampions,Shared label: finishChampions,,Champions,Mistři
finishRunnersUp,Shared label: finishRunnersUp,,Runners-up,Finalisté
finishSemiFinals,Shared label: finishSemiFinals,,Semi-finals,Semifinále
finishQuarterFinals,Shared label: finishQuarterFinals,,Quarter-finals,Čtvrtfinále
finishRoundOf16,Shared label: finishRoundOf16,,Round of 16,Osmifinále
finishGroupStage,Shared label: finishGroupStage,,Group stage,Skupinová fáze
finishDidNotQualify,Shared label: finishDidNotQualify,,Did not qualify,Nepostoupili
objectiveAvoidBottom,"The board's lowest bar, for a nation with no realistic route to the finals: come out of the qualifying group off the bottom.",,Avoid finishing bottom in qualifying,Neskončit v kvalifikaci poslední
finishBottomOfQualifyingGroup,Objective result: the nation finished last in its qualifying group.,,Bottom of the qualifying group,Poslední v kvalifikační skupině
objectiveNcWinIt,Nations Cup board objective: lift the trophy.,,Win the Nations Cup,Vyhrát Pohár národů
objectiveNcReachFinal,Nations Cup board objective: reach the final.,,Reach the Nations Cup final,Postoupit do finále Poháru národů
objectiveNcFinalsFour,Nations Cup board objective: win your League A group and reach the Finals Four.,,Reach the Finals Four,Postoupit do Final Four
objectiveNcWinGroup,Nations Cup board objective: win the league group and earn promotion.,,Win your group and go up,Vyhrát skupinu a postoupit výš
objectiveNcTopHalf,Nations Cup board objective: a mid-table league finish.,,Finish in the top half of your group,Skončit v horní polovině skupiny
objectiveNcSurvive,Nations Cup board objective: stay in this league.,,Avoid relegation,Vyhnout se sestupu
finishNcChampions,Nations Cup objective result: won the competition.,,Nations Cup winners,Vítězové Poháru národů
finishNcFinalsFour,Nations Cup objective result: reached the Finals Four.,,Finals Four,Final Four
finishNcGroupWinners,Nations Cup objective result: topped the league group.,,Group winners,Vítězové skupiny
finishNcTopHalf,Nations Cup objective result: a mid-table league finish.,,Top half of the group,Horní polovina skupiny
finishNcStayedUp,Nations Cup objective result: clear of the relegation place.,,Stayed up,Udrželi se
finishNcBottom,Nations Cup objective result: finished last in the league group.,,Bottom of the group,Poslední ve skupině
careerNationsCupLabel,Career-history label for the Nations Cup finish.,,Nations Cup,Pohár národů
squadDevPlayer,Squad-report table header: the player's name.,,PLAYER,HRÁČ
squadDevAge,Squad-report table header: the player's age.,,AGE,VĚK
squadDevPosition,Squad-report table header: the player's position.,,POS,POST
squadDevChange,Squad-report table header: rating and its change over the year.,,RATING,RATING
squadDevNew,Tag on a player in the pool for the first time.,,NEW,NOVÝ
squadDevRetired,Tag on a player who has left the international pool.,,RETIRED,KONEC
squadDevEmpty,Shown when the yearly squad report has no rows.,,A settled year. No changes across the squad.,Klidný rok. V kádru beze změn.
boardObjectivesTitle,"Title of the board-objectives screen, and the hub button opening it.",,Board objectives,Cíle vedení
boardObjectivesConfidence,Label above the board-confidence verdict.,,Board confidence,Důvěra vedení
boardObjectiveBeatenBy,"A settled objective the nation beat, and by how many rounds.","PLURAL — keep the {count, plural, …} skeleton exactly; translate only the words inside the branches","{result}: {rounds, plural, =1{a round better than asked} other{{rounds} rounds better than asked}}","{result}: {rounds, plural, =1{o kolo lepší, než se čekalo} few{o {rounds} kola lepší, než se čekalo} other{o {rounds} kol lepší, než se čekalo}}"
boardObjectiveShortBy,"A settled objective the nation missed, and by how many rounds.","PLURAL — keep the {count, plural, …} skeleton exactly; translate only the words inside the branches","{result}: {rounds, plural, =1{a round short} other{{rounds} rounds short}}","{result}: {rounds, plural, =1{o kolo méně} few{o {rounds} kola méně} other{o {rounds} kol méně}}"
boardObjectivesPending,Status of an objective whose tournament has not finished.,,STILL TO BE DECIDED,JEŠTĚ SE ROZHODNE
boardObjectiveSoFar,"How far the nation has got in a tournament that is still being played, shown against a board objective that cannot be graded yet.",{result},SO FAR · {result},ZATÍM · {result}
boardObjectivesEmpty,Shown when there are no objectives.,,The board has not set an objective for this cycle.,Vedení pro tento cyklus nestanovilo cíl.
tourContBestWinners,Ladder card heading when the contested place is first — fewer berths than groups.,,BEST GROUP WINNERS,NEJLEPŠÍ VÍTĚZOVÉ SKUPIN
tourContBestThirds,Ladder card heading for the best third-placed sides.,,BEST THIRD-PLACED,NEJLEPŠÍ TŘETÍ
tourContBestPlaced,Ladder card heading for a contested position deeper than third.,{position},BEST {position}TH-PLACED,NEJLEPŠÍ NA {position}. MÍSTĚ
squadDevPageOf,Pager line under the squad-report table.,{page} {pages} {total},Page {page} of {pages} · {total} players,Strana {page} z {pages} · {total} hráčů
matchSoldOut,Tag on the ground card when the stadium is full.,,SOLD OUT,VYPRODÁNO
matchAttendanceOf,Crowd figure against stadium capacity.,{attendance} {capacity},{attendance} of {capacity} seats filled,{attendance} z {capacity} míst zaplněno
matchGroundTitle,Heading over the match venue on the pre-match screen.,,VENUE,STADION
absenceInjured,Absence badge: the player has a knock.,,Injured,Zraněn
absenceSuspended,Absence badge: the player is serving a ban.,,Suspended,Stop
absenceWeeks,"How long a player is out for, in weeks.","PLURAL — keep the {count, plural, …} skeleton exactly; translate only the words inside the branches","{count, plural, =1{1 week} other{{count} weeks}}","{count, plural, =1{1 týden} few{{count} týdny} other{{count} týdnů}}"
absenceGames,"How long a player is out for, in matches.","PLURAL — keep the {count, plural, …} skeleton exactly; translate only the words inside the branches","{count, plural, =1{1 game} other{{count} games}}","{count, plural, =1{1 zápas} few{{count} zápasy} other{{count} zápasů}}"
absenceBackFor,The first match the player is available again for.,{opponent},Back for {opponent},Zpět na zápas s {opponent}
penaltyOrderTitle,Title of the sheet naming shootout takers.,,Penalties,Penalty
penaltyOrderBlurb,Explains the shootout order sheet.,,"Name your five takers, in order. Tap a slot to change it.",Určete pět exekutorů v pořadí. Klepnutím pozici změníte.
penaltyOrderPick,Header when choosing who takes a given kick.,{number},Kick {number},{number}. penalta
penaltyOrderPickBlurb,Explains the taker picker.,,Pick who steps up. The bar is their composure from the spot.,"Vyberte, kdo půjde. Pruh ukazuje klid na puntíku."
penaltyOrderConfirm,Confirms the shootout order and starts the kicks.,,Take them,Jdeme na to
penaltyOrderCancel,Returns from the taker picker to the order.,,Back,Zpět
youthTitle,Title of the youth pyramid screen.,,Youth,Mládež
youthEmptyLevel,Shown when a youth level has no players and nobody left it.,,Nobody at this level yet.,Na této úrovni zatím nikdo není.
youthReleased,Heading above the boys let go from a level this year.,,Released this year,Letos uvolněni
u21Title,Title of the youth watchlist screen.,,Under-21s,Do 21 let
u21Blurb,Explains the watchlist and its star ratings.,,"The next generation, best prospect first. Hollow stars are a scout's estimate. Cap a player to find out what he really has.","Nová generace, nejlepší talenty nahoře. Prázdné hvězdy jsou odhad skauta. Teprve start v reprezentaci ukáže pravdu."
u21Empty,Shown when there are no under-21s.,,Nobody under 21 in the pool right now. The next intake arrives with the new cycle.,V kádru teď není nikdo do 21 let. Další ročník přijde s novým cyklem.
u21Breakout,Tag on a young player who has improved sharply.,{gain},+{gain} THIS YEAR,+{gain} ZA ROK
u21AgeCaps,Age and international caps of a prospect.,{age} {caps},Age {age} · {caps} caps,Věk {age} · {caps} startů
u21AgeUncapped,Age of a prospect who has never played.,{age},Age {age} · uncapped,Věk {age} · bez startu
u21CallUps,Button from the watchlist to the squad-selection screen.,,Go to call-ups,Na nominaci
tacticsYouth,Tooltip on the squad screen's youth-watchlist action.,,Under-21s,Do 21 let
pressTitle,Title of the press-question sheet.,,Press conference,Tisková konference
pressCardTitle,Hub card inviting the manager to answer a press question.,,The press are waiting,Čekají novináři
pressCardSub,Hub card subtitle.,,One question. What you say moves the dressing room and the board.,"Jedna otázka. Co řeknete, pocítí kabina i vedení."
pressTheOpposition,Fallback when the opponent is unknown.,,the opposition,soupeř
pressSquad,Label on the dressing-room swing of a press answer.,,Squad,Kabina
pressBoard,Label on the board swing of a press answer.,,Board,Vedení
pressNoEffect,Shown on an answer that moves nothing.,,Nobody reads much into it,Nikdo v tom nic nehledá
pressAskHeavyDefeat,Press question after a heavy defeat.,{opponent},That was a chastening night against {opponent}. What went wrong?,Se soupeřem {opponent} to byl výprask. Co se stalo?
pressAskElimination,Press question after a knockout exit.,{opponent},"Beaten by {opponent}, and the tournament is over. How do you explain it?",Porážka se soupeřem {opponent} a konec turnaje. Jak to vysvětlíte?
pressAskUnderPressure,Press question during a bad run.,,"Three games without a win, and the board are watching. Are you still the right man?",Tři zápasy bez výhry a vedení se dívá. Jste pořád ten pravý?
pressAskPreview,Press question before a finals.,,The tournament starts here. How far does this squad go?,Turnaj začíná. Jak daleko tenhle tým dojde?
pressAskTriumph,Press question after winning a trophy.,,"Champions. Where does this rank, and what comes next?",Mistři. Kam to řadíte a co bude dál?
pressAnswerBackPlayers,Press answer: back the squad.,,These players gave me everything. I would not swap a single one of them.,Tihle hráči mi dali všechno. Nevyměnil bych ani jednoho.
pressAnswerTakeBlame,Press answer: take the blame.,,That one is on me. I picked the side and I set them up.,Tohle jde za mnou. Sestavu jsem vybral já.
pressAnswerDemandMore,Press answer: demand more.,,Not good enough. Some of them have to look at themselves.,Málo. Někteří se musí podívat do zrcadla.
pressAnswerRaiseBar,Press answer: raise the target.,,We are here to win it. Anything less is a failure.,Jsme tu pro vítězství. Cokoli jiného je selhání.
pressAnswerPlayDown,Press answer: say nothing.,,We take it one game at a time. Nothing more to add.,Jdeme zápas od zápasu. Víc k tomu neřeknu.
matchNeutralGround,Tag on the ground card when a tie is played on neutral territory.,,NEUTRAL,NEUTRÁLNÍ
matchExtraTimeAhead,Heading of the interval before extra time begins.,,EXTRA TIME,PRODLOUŽENÍ
matchExtraTimeHalf,Heading of the interval midway through extra time.,,EXTRA TIME · HALF TIME,PRODLOUŽENÍ · POLOČAS
hubEventPressConference,Timeline action: the opening press conference of a tournament.,,Face the press,Předstoupit před novínáře
hubEventPressConferenceSub,Subtitle of the opening press conference action.,,The world’s media want a word before your first match,Světová média chtějí slovo před prvním zápasem
pressAskOpening,Press question at a tournament's opening conference.,{opponent},The tournament is open and you start against {opponent}. What are you telling the country?,Turnaj je zahájen a začínáte proti {opponent}. Co vzkazujete zemi?
squadDevWonderkid,Tag on a newly emerged player the scouts rate very highly.,,WONDERKID,TALENT
tacticsPlaystyle,Heading for the general playing style selector.,,Playing style,Herní styl
tacticsPlaystyleBlurb,Blurb under the playing style selector.,,Pick how the side plays; the dials below fine-tune it.,"Vyberte, jak tým hraje; posuvníky níže styl doladí."
tacticsPlaystyleCustom,Shown when the instructions match no named style.,,Your own settings. No named style matches these dials.,Vlastní nastavení. Žádný pojmenovaný styl neodpovídá.
playstyleCustom,Playing style: hand-set dials.,,Custom,Vlastní
playstyleBalanced,Playing style: nothing overdone.,,Balanced,Vyvážený
playstylePossession,Playing style: keep the ball.,,Possession,Držení míče
playstyleGegenpress,Playing style: press high and hard.,,Gegenpress,Gegenpressing
playstyleCounter,Playing style: sit off and break.,,Counter-attack,Brejky
playstyleDirect,Playing style: get it forward early.,,Direct,Přímočarý
playstyleLowBlock,Playing style: deep and compact.,,Low block,Nízký blok
playstyleWingPlay,Playing style: stretch it and cross.,,Wing play,Hra po křídlech
playstyleBalancedBlurb,Playing style blurb: balanced.,,"Solid in both halves, with nothing overdone.","Pevní v obou polovinách, nic přehnaného."
playstylePossessionBlurb,Playing style blurb: possession.,,"Keep the ball, move it patiently, squeeze the pitch.","Držte míč, trpělivě jej rozehrávejte, stlačte hřiště."
playstyleGegenpressBlurb,Playing style blurb: gegenpress.,,"Win it back the second it is lost, high up the pitch.","Získejte míč hned po ztrátě, vysoko na hřišti."
playstyleCounterBlurb,Playing style blurb: counter.,,"Sit off, stay compact, then break at speed.","Zatáhněte se, buďte kompaktní a vyrážejte rychle."
playstyleDirectBlurb,Playing style blurb: direct.,,Forward early and play for the second ball.,Rychle dopředu a hra na druhé míče.
playstyleLowBlockBlurb,Playing style blurb: low block.,,"Deep, narrow and very hard to break down.","Hluboko, úzce a téměř neprostupně."
playstyleWingPlayBlurb,Playing style blurb: wing play.,,"Stretch the pitch, get round the outside and cross.","Roztáhněte hřiště, obejděte to po stranách a centrujte."
nationsRandomTeam,Nation-select action: let the game pick which country you manage.,,Random team,Náhodný tým
nationsFromTheBottom,Nation-select action: start unemployed and take an offer from one of the world's weakest sides.,,From the bottom,Od úplného dna
bottomStartTitle,Title of the unemployed-start screen.,,Out of work,Bez angažmá
bottomStartHeading,Heading on the unemployed-start screen.,,Three federations want to talk,Tři federace mají zájem
bottomStartBlurb,Blurb explaining the from-the-bottom start.,,You have no job and no reputation. These are the only sides willing to take a chance on you. Take one and build something from nothing.,"Nemáte práci ani jméno. Tohle jsou jediní, kdo do vás půjde. Vezměte jednu z nabídek a vybudujte něco z ničeho."
bottomStartAccept,Button on an offer card: accept this job.,,Take it,Beru
bottomStartBack,Button that leaves the offers without taking a job.,,Back to menu,Zpět do nabídky
bottomStartRankOf,Where an offering nation sits in the world ranking.,{rank} {total},{rank} of {total} in the world,{rank}. z {total} na světě
campTitle,Title of the training camp selection screen.,,Base camp,Základní tábor
campBasedIn,Heading naming the host country the camp is in.,{host},Based in {host},Sídlo v zemi {host}
campBlurb,Blurb on the base camp screen.,,"Where the squad lives for the whole tournament. It cannot be changed once play starts, and it works on three things every match: how fresh they arrive, how fast a knock heals, and how sharp they are.","Kde tým bydlí po celý turnaj. Po začátku už to nejde změnit a působí to na tři věci v každém zápase: jak svěží přijedou, jak rychle se hojí zranění a jak jsou sehraní."
campEffectTravel,Camp effect chip: travel wear on the squad.,,Arrive fresh,Svěžest na zápas
campEffectRecovery,Camp effect chip: how fast injuries clear.,,Injuries heal,Hojení zranění
campEffectSharpness,Camp effect chip: flat condition lift.,,Match sharpness,Sehranost
campTerrainCity,Camp terrain: in the host's biggest city.,,City centre,Centrum města
campTerrainCoastal,Camp terrain: by the sea.,,Coastal resort,Letovisko u moře
campTerrainMountain,Camp terrain: up in the hills.,,Mountain retreat,Horské útočiště
campTerrainAltitude,Camp terrain: high above sea level.,,Altitude camp,Výškový kemp
campTerrainNationalCentre,Camp terrain: a purpose-built training centre.,,National centre,Národní centrum
campTerrainCityBlurb,Camp terrain blurb: city centre.,,"Everything on the doorstep and nothing to travel to, but no peace and no escape from the noise.","Vše po ruce a nikam se necestuje, ale žádný klid a žádný únik před ruchem."
campTerrainCoastalBlurb,Camp terrain blurb: coastal.,,"Calm, comfortable and good for the mood; a long coach ride to every ground.","Klid, pohodlí a dobrá nálada; ke každému stadionu dlouhá cesta autobusem."
campTerrainMountainBlurb,Camp terrain blurb: mountain.,,"Cool air and a first-rate medical set-up that turns knocks round quickly, a long way from the tournament.","Chladný vzduch a špičkové zdravotní zázemí, které rychle vyřeší zranění, ale daleko od turnaje."
campTerrainAltitudeBlurb,Camp terrain blurb: altitude.,,"Hard work to train in, and legs that last deep into the tournament.","Náročné tréninky a nohy, které vydrží až do konce turnaje."
campTerrainNationalCentreBlurb,Camp terrain blurb: national centre.,,"The federation's own facilities: nothing spectacular, nothing to go wrong.","Vlastní zázemí federace: nic okázalého, nic, co by se pokazilo."
hubEventChooseCamp,Timeline action: pick the squad's tournament base.,,Choose the base camp,Vybrat základní tábor
hubEventChooseCampSub,Subtitle of the base camp action.,{host},Where the squad will be based in {host},Kde bude tým sídlit v zemi {host}
tacticsTabBench,Tab: the named squad outside the starting XI.,,Bench,Lavička
squadSearchHint,Placeholder in the squad pool search field.,,Search by name or club,Hledat podle jména nebo klubu
squadFilterAll,Squad filter: the whole pool.,,Everyone,Všichni
squadFilterInSquad,Squad filter: only called-up players.,,In the squad,V nominaci
squadFilterUncapped,Squad filter: players yet to win a cap.,,Uncapped,Bez startu
squadFilterUnavailable,Squad filter: injured or suspended players.,,Unavailable,Nedostupní
squadLineAll,Position filter: no line selected.,,All lines,Všechny řady
squadSortBy,Label before the squad sort options.,,Sort,Řadit
squadSortRating,Squad sort: by overall rating.,,Rating,Hodnocení
squadSortCaps,Squad sort: by international appearances.,,Caps,Starty
squadSortGoals,Squad sort: by international goals.,,Goals,Góly
squadSortAge,Squad sort: youngest first.,,Age,Věk
squadSortName,Squad sort: alphabetical.,,Name,Jméno
squadShowingOf,Count of the filtered squad list.,{shown} {total},Showing {shown} of {total} players,Zobrazeno {shown} z {total} hráčů
squadNobodyMatches,Empty state for the filtered squad list.,,Nobody in the pool matches those filters.,Danému filtru neodpovídá nikdo.
squadStatPool,Squad stat: how many players are eligible.,,Pool,Kádr
squadStatInSquad,Squad stat: how many are in the current squad.,,Called up,Nominováno
squadMostCapped,Label for the pool's most-capped player.,,Most capped,Nejvíc startů
squadTopScorer,Label for the pool's leading scorer.,,Top scorer,Nejlepší střelec
squadCapsValue,Most-capped player and their tally.,{name} {caps},{name} · {caps} caps,{name} · {caps} startů
squadGoalsValue,Leading scorer and their tally.,{name} {goals},{name} · {goals} goals,{name} · {goals} gólů
squadAgeClub,A squad row's age and club line.,{age} {club},{age} · {club},{age} · {club}
squadCapsShort,Column heading: international appearances.,,Caps,Star
squadGoalsShort,Column heading: international goals.,,Gls,Gól
pressAskHeavyDefeat2,Press conference line.,{opponent},Four goals conceded against {opponent}. Where does a night like that leave you?,Čtyři inkasované se soupeřem {opponent}. Kde vás takový večer nechává?
pressAskHeavyDefeat3,Press conference line.,{opponent},{opponent} took you apart. Is this squad good enough?,{opponent} vás rozebral. Je tenhle tým dost dobrý?
pressAskElimination2,Press conference line.,{opponent},"{opponent} end it. Four years of work, gone in ninety minutes. Talk us through it.",{opponent} to ukončil. Čtyři roky práce pryč za devadesát minut. Vysvětlete nám to.
pressAskElimination3,Press conference line.,{opponent},Out to {opponent}. Was that as far as this team was ever going?,Konec se soupeřem {opponent}. Bylo tohle maximum tohohle týmu?
pressAskUnderPressure2,Press conference line.,,The results have dried up and your name is in every column. Worried?,Výsledky nejsou a vaše jméno je ve všech sloupcích. Máte obavy?
pressAskUnderPressure3,Press conference line.,,"No wins, no goals, no answers. What do you say to the supporters?","Žádné výhry, žádné góly, žádné odpovědi. Co vzkážete fanouškům?"
pressAskPreview2,Press conference line.,,Everyone wants a prediction. Give us yours.,Všichni chtějí tip. Dejte nám ten svůj.
pressAskPreview3,Press conference line.,,"Realistically: group stage, quarters, or more than that?","Realisticky: skupina, čtvrtfinále, nebo víc?"
pressAskOpening2,Press conference line.,{opponent},The whole country is watching and {opponent} are first up. Your message?,Sleduje vás celá země a prvním soupeřem je {opponent}. Co vzkazujete?
pressAskOpening3,Press conference line.,{opponent},It starts against {opponent}. How do you want this side to be remembered?,"Začíná se proti {opponent}. Jak si přejete, aby si tenhle tým zapamatovali?"
pressAskTriumph2,Press conference line.,,"You've won it. Does it feel like the end of something, or the start?","Máte to. Je to konec něčeho, nebo začátek?"
pressAskTriumph3,Press conference line.,,Champions at last. Who does this one belong to?,Konečně mistři. Komu tenhle titul patří?
pressAskBigWin,Press conference line.,{opponent},Three clear against {opponent}. Is this side finally clicking?,O tři čisté se soupeřem {opponent}. Začíná to tomuhle týmu konečně sedat?
pressAskBigWin2,Press conference line.,{opponent},You took {opponent} apart. How good was that?,Rozebrali jste {opponent}. Jak dobré to bylo?
pressAskBigWin3,Press conference line.,{opponent},A statement result against {opponent}. Should the rest of them be worried?,"Výsledek jako vzkaz soupeřům, {opponent} to odnesl. Mají se ostatní bát?"
pressAskQualified,Press conference line.,,You're through. What does qualifying mean to this group?,Jste tam. Co postup pro tuhle partu znamená?
pressAskQualified2,Press conference line.,,"The place is booked. Job done, or is the job just starting?","Místo je zajištěné. Hotovo, nebo práce teprve začíná?"
pressAskQualified3,Press conference line.,,Qualification secured. Now what is this squad actually capable of?,Postup je doma. Na co tenhle tým doopravdy má?
pressAskMissedOut,Press conference line.,,No tournament this time. How did it come to this?,Tentokrát bez turnaje. Jak k tomu došlo?
pressAskMissedOut3,Press conference line.,,Watching it on television. What do you say to a country that expected better?,"Budete se dívat v televizi. Co řeknete zemi, která čekala víc?"
pressAskMissedOut2,Press conference line.,,The campaign is over and you're not in it. Who is accountable?,Kvalifikace skončila a vy u toho nejste. Kdo za to nese odpovědnost?
pressAskUnbeaten,Press conference line.,,Unbeaten for months now. How long can this go on?,Měsíce bez porážky. Jak dlouho to může vydržet?
pressAskUnbeaten2,Press conference line.,,Nobody has laid a glove on you all season. What's behind the run?,Celou sezonu na vás nikdo nevyzrál. Čím to je?
pressAskUnbeaten3,Press conference line.,,The run keeps going. Is this the best side you've had?,"Série pokračuje. Je tohle nejlepší tým, jaký jste měl?"
pressAskNewJob,Press conference line.,,Day one. What are you promising this country?,První den. Co téhle zemi slibujete?
pressAskNewJob2,Press conference line.,,"New job, new squad. What changes first?","Nová práce, nový kádr. Co se změní jako první?"
pressAskNewJob3,Press conference line.,,"You've taken the job. Why this one, and why now?",Vzal jste to. Proč zrovna tady a proč teď?
pressAskRankingPeak,Press conference line.,,A record world ranking. Does the table flatter this team?,Rekordní postavení v žebříčku. Nelichotí tabulka tomuhle týmu?
pressAskRankingPeak2,Press conference line.,,Never been ranked this high. Is this side genuinely among the best?,Nikdy jste nebyli výš. Patří tenhle tým opravdu ke špičce?
pressAskRankingPeak3,Press conference line.,,Top of the pile on paper. Does that put a target on your back?,Na papíře nejvýš. Máte tím pádem terč na zádech?
pressAnswerBackPlayers2,Press conference line.,,Nobody works harder than this group. I'll defend them all day.,Nikdo nemaká víc než tahle parta. Budu je bránit pořád.
pressAnswerBackPlayers3,Press conference line.,,You won't hear a word against my players from this seat.,Ode mě na svoje hráče křivé slovo neuslyšíte.
pressAnswerTakeBlame2,Press conference line.,,"Judge me, not them. It's my team and my responsibility.","Suďte mě, ne je. Je to můj tým a moje zodpovědnost."
pressAnswerTakeBlame3,Press conference line.,,"If you want somebody to blame, I'm sitting right here.","Jestli hledáte viníka, sedí přímo tady."
pressAnswerDemandMore2,Press conference line.,,Standards slipped. Some of them know exactly what I mean.,"Laťka klesla. Někteří přesně vědí, koho myslím."
pressAnswerDemandMore3,Press conference line.,,"Effort isn't enough at this level. I want more, and I've told them so.",Na téhle úrovni nestačí snaha. Chci víc a řekl jsem jim to.
pressAnswerRaiseBar2,Press conference line.,,No hiding from it. We expect to lift the trophy.,"Nebudu to obcházet. Čekáme, že zvedneme trofej."
pressAnswerRaiseBar3,Press conference line.,,Second place is not what this country sent us here for.,"Druhé místo není to, kvůli čemu nás sem tahle země poslala."
pressAnswerPlayDown2,Press conference line.,,I'm not going to make headlines for you today.,Titulek vám dneska nedám.
pressAnswerPlayDown3,Press conference line.,,Next game. That's all I'm thinking about.,Další zápas. Na nic jiného nemyslím.
recordsRecordBookSubtitle,Records/legacy label.,,"Caps, goals and the team's headline records","Starty, góly a klubové rekordy týmu"
statsLegacy,Records/legacy label.,,LEGACY,ODKAZ
pressAskHeavyDefeat4,Press conference line.,{opponent},That was hard to watch. Did {opponent} simply want it more?,Bolelo to sledovat. Chtěl {opponent} prostě víc?
pressAskHeavyDefeat5,Press conference line.,{opponent},You were second to everything against {opponent}. Fitness or attitude?,"Se soupeřem {opponent} jste byli všude druzí. Kondice, nebo přístup?"
pressAskHeavyDefeat6,Press conference line.,{opponent},{opponent} scored at will. Who is responsible for that defence?,"{opponent} dával, kdy chtěl. Kdo nese odpovědnost za tu obranu?"
pressAskHeavyDefeat7,Press conference line.,{opponent},A result like that against {opponent} follows a manager around. How do you come back from it?,Takový výsledek se soupeřem {opponent} se za trenérem táhne. Jak se z toho vrací?
pressAskHeavyDefeat8,Press conference line.,{opponent},You were booed off after {opponent}. Do you blame them?,Po zápase se soupeřem {opponent} vás vypískali. Divíte se jim?
pressAskElimination4,Press conference line.,{opponent},{opponent} knocked you out. When did you know it had gone?,"{opponent} vás vyřadil. Kdy jste věděl, že je to pryč?"
pressAskElimination5,Press conference line.,{opponent},"Another tournament, another early flight home, and {opponent} did it. Why?","Další turnaj, další brzký let domů, a postaral se o to {opponent}. Proč?"
pressAskElimination6,Press conference line.,{opponent},Out to {opponent}. Is this squad short of quality or short of nerve?,"Konec se soupeřem {opponent}. Chybí týmu kvalita, nebo nervy?"
pressAskElimination7,Press conference line.,{opponent},{opponent} are through and you are not. What do you say in that dressing room?,"{opponent} jde dál, vy ne. Co se říká v takové kabině?"
pressAskElimination8,Press conference line.,{opponent},Beaten by {opponent} when it mattered. Does that define your time here?,"Porážka se soupeřem {opponent} ve chvíli, kdy šlo o všechno. Definuje to vaše působení?"
pressAskUnderPressure4,Press conference line.,,The bookmakers have you favourite to go. Does that reach you?,Sázkaři vás vidí jako prvního na odchod. Dostane se to k vám?
pressAskUnderPressure5,Press conference line.,,Your predecessor was sacked on a run like this. What makes you different?,Váš předchůdce po podobné sérii skončil. Čím jste jiný?
pressAskUnderPressure6,Press conference line.,,The board have said nothing publicly. Is silence support?,Vedení veřejně mlčí. Je mlčení podpora?
pressAskUnderPressure7,Press conference line.,,Every phone-in wants a new manager. Have you lost the country?,Každá debata volá po novém trenérovi. Ztratil jste zemi?
pressAskUnderPressure8,Press conference line.,,How many more games do you think you have?,"Kolik zápasů si myslíte, že ještě máte?"
pressAskPreview4,Press conference line.,,"Who is the team to beat, and are you in that conversation?",Kdo je favorit a patříte do té debaty?
pressAskPreview5,Press conference line.,,Nobody outside this room fancies you. Does that suit you?,Mimo tuhle místnost vám nikdo nevěří. Vyhovuje vám to?
pressAskPreview6,Press conference line.,,"What would make this a successful tournament, honestly?","Co by z tohohle turnaje udělalo úspěch, upřímně?"
pressAskPreview7,Press conference line.,,Your group looks kind. Is anything less than qualification unacceptable?,Skupina vypadá schůdně. Je cokoli míň než postup selhání?
pressAskPreview8,Press conference line.,,This is the youngest squad you have taken to a finals. Gamble or plan?,"Je to nejmladší kádr, s jakým jste na turnaj jel. Risk, nebo plán?"
pressAskOpening4,Press conference line.,{opponent},"First game, {opponent}, and everyone is nervous. How do you settle a side?","První zápas, {opponent}, a nervózní jsou všichni. Jak se tým uklidňuje?"
pressAskOpening5,Press conference line.,{opponent},You have waited two years for this. Does the plan change now {opponent} are in front of you?,"Čekal jste na tohle dva roky. Mění se plán, když před vámi stojí {opponent}?"
pressAskOpening6,Press conference line.,{opponent},{opponent} to open. Win it and the whole tournament looks different. Do you tell them that?,Na úvod {opponent}. Výhra a celý turnaj vypadá jinak. Říkáte jim to?
pressAskOpening7,Press conference line.,{opponent},The country has stopped for this. Is {opponent} a good draw or a bad one?,"Země se kvůli tomu zastavila. Je {opponent} dobrý, nebo špatný los?"
pressAskOpening8,Press conference line.,{opponent},Opening night against {opponent}. What is the one thing you cannot allow?,Zahajovací večer proti {opponent}. Co si nesmíte dovolit?
pressAskTriumph4,Press conference line.,,You have made history. Has it landed yet?,Napsal jste historii. Došlo vám to už?
pressAskTriumph5,Press conference line.,,The trophy is in the room. Who did you think of first?,Trofej je v místnosti. Na koho jste pomyslel první?
pressAskTriumph6,Press conference line.,,A generation will remember this side. What should they remember about it?,Na tenhle tým bude vzpomínat celá generace. Co si má pamatovat?
pressAskTriumph7,Press conference line.,,You were written off in this very room. Enjoying the moment?,V téhle místnosti vás odepsali. Užíváte si to?
pressAskTriumph8,Press conference line.,,"Is this the peak, or can this team win more?","Je tohle vrchol, nebo může tenhle tým vyhrát víc?"
pressAskBigWin4,Press conference line.,{opponent},{opponent} had no answer to that. The plan or the players?,"{opponent} na to neměl odpověď. Plán, nebo hráči?"
pressAskBigWin5,Press conference line.,{opponent},"The best performance of your reign, and against {opponent}?","Nejlepší výkon vaší éry, a proti soupeři {opponent}?"
pressAskBigWin6,Press conference line.,{opponent},You could have had more against {opponent}. Do you ask for ruthlessness or take the win?,"Se soupeřem {opponent} to mohlo být vyšší. Chcete důslednost, nebo berete výhru?"
pressAskBigWin7,Press conference line.,{opponent},A scoreline like that against {opponent} raises expectations. Comfortable with that?,Takový výsledek se soupeřem {opponent} zvedá očekávání. Je vám to příjemné?
pressAskBigWin8,Press conference line.,{opponent},{opponent} never laid a glove on you. Is this side finally what you wanted?,"{opponent} se vás ani nedotkl. Je tenhle tým konečně takový, jaký jste chtěl?"
pressAskQualified4,Press conference line.,,Job done. Was it ever in doubt?,Splněno. Byly vůbec pochybnosti?
pressAskQualified5,Press conference line.,,You are through. Does the campaign tell you how far you can go?,"Jste tam. Říká vám kvalifikace, jak daleko můžete dojít?"
pressAskQualified6,Press conference line.,,A place at the finals: relief or satisfaction?,"Místo na turnaji: úleva, nebo zadostiučinění?"
pressAskQualified7,Press conference line.,,You qualified with games to spare. What are the rest of them for?,Postoupili jste s předstihem. K čemu jsou ty zbývající zápasy?
pressAskQualified8,Press conference line.,,Now the hard part. Is this squad ready for a tournament?,Teď přijde to těžší. Je tenhle kádr na turnaj připravený?
pressAskMissedOut4,Press conference line.,,No tournament this time. A squad problem or a coaching one?,"Tentokrát bez turnaje. Problém kádru, nebo trenéra?"
pressAskMissedOut5,Press conference line.,,Two years of work and nothing to show. Do you still believe in this group?,Dva roky práce a nic. Věříte téhle partě pořád?
pressAskMissedOut6,Press conference line.,,The country will not see its team at a finals. What do you owe them?,Země svůj tým na turnaji neuvidí. Co jí dlužíte?
pressAskMissedOut7,Press conference line.,,Was there one night that cost you?,"Byl jeden večer, který to stál?"
pressAskMissedOut8,Press conference line.,,Do you expect to still be in this job next season?,"Čekáte, že tuhle práci budete mít i příští sezonu?"
pressAskUnbeaten4,Press conference line.,,Nobody has beaten you in a year. Are you thinking about records?,Rok vás nikdo neporazil. Myslíte na rekordy?
pressAskUnbeaten5,Press conference line.,,The run is the story now. Is it a burden yet?,Ta série je teď hlavní téma. Je už přítěží?
pressAskUnbeaten6,Press conference line.,,Sides set up not to lose to you. Does that make it harder?,"Soupeři se staví tak, aby s vámi neprohráli. Je to těžší?"
pressAskUnbeaten7,Press conference line.,,"When it ends, and it will, how do you want it to end?","Až to skončí, a ono skončí, jak byste chtěl, aby to skončilo?"
pressAskUnbeaten8,Press conference line.,,"Unbeaten, but how many of those were convincing?","Neporaženi, ale kolik z toho bylo přesvědčivých?"
pressAskNewJob4,Press conference line.,,You inherit a squad in transition. Where do you start?,Přebíráte kádr v přestavbě. Kde začnete?
pressAskNewJob5,Press conference line.,,What does this team look like in two years?,Jak bude tenhle tým vypadat za dva roky?
pressAskNewJob6,Press conference line.,,You turned down other offers for this one. Why?,Kvůli téhle nabídce jste jiné odmítl. Proč?
pressAskNewJob7,Press conference line.,,Some of these players were not picked by you. Does anyone start with a clean slate?,Některé hráče jste nevybíral vy. Začíná někdo s čistým štítem?
pressAskNewJob8,Press conference line.,,What has this country been getting wrong?,Co tahle země dělá špatně?
pressAskRankingPeak4,Press conference line.,,Top of the pile on paper. Does a ranking mean anything to you?,Na papíře nejvýš. Znamená pro vás žebříček něco?
pressAskRankingPeak5,Press conference line.,,The highest this nation has ever been. Whose achievement is that?,Nejvýš v historii téhle země. Čí je to zásluha?
pressAskRankingPeak6,Press conference line.,,You are ranked above sides with far more history. Fair?,Jste nad týmy s mnohem větší historií. Spravedlivé?
pressAskRankingPeak7,Press conference line.,,The numbers say you are among the best. Do the trophies?,"Čísla říkají, že patříte ke špičce. Říkají to i trofeje?"
pressAskRankingPeak8,Press conference line.,,A record ranking and no trophy yet. Does that sit uneasily?,Rekordní postavení a zatím žádná trofej. Nesedí vám to?
pressAnswerBackPlayers4,Press conference line.,,I'll take the questions. They'll take the credit. That's how it works here.,Otázky vezmu já. Zásluhy oni. Tak se to tady dělá.
pressAnswerBackPlayers5,Press conference line.,,This group has never let me down. Not once.,Tahle parta mě nikdy nezklamala. Ani jednou.
pressAnswerBackPlayers6,Press conference line.,,They're hurting more than anyone. I'm not adding to it.,Bolí je to víc než kohokoli jiného. Nebudu přisazovat.
pressAnswerTakeBlame4,Press conference line.,,That's on the staff and it's on me. Nobody else.,Je to na realizačním týmu a na mně. Na nikom jiném.
pressAnswerTakeBlame5,Press conference line.,,"I picked it, I set it up, I got it wrong.","Já to vybral, já to postavil, já to zkazil."
pressAnswerTakeBlame6,Press conference line.,,Point it at me. That's what I'm paid for.,Ukazujte na mě. Za to jsem placený.
pressAnswerDemandMore4,Press conference line.,,Some of them are a long way short of what this shirt asks.,"Někteří jsou hodně daleko od toho, co tenhle dres vyžaduje."
pressAnswerDemandMore5,Press conference line.,,I've told them privately and I'll say it here: it isn't good enough.,Řekl jsem jim to v kabině a řeknu to i tady: nestačí to.
pressAnswerDemandMore6,Press conference line.,,Places are open. Everyone in that dressing room knows it.,Místa jsou otevřená. V kabině to vědí všichni.
pressAnswerRaiseBar4,Press conference line.,,We came here to win it. I'm not going to pretend otherwise.,Přijeli jsme vyhrát. Nebudu předstírat opak.
pressAnswerRaiseBar5,Press conference line.,,Anything but the trophy and we'll have wasted this.,Cokoli jiného než trofej a bude to promarněné.
pressAnswerRaiseBar6,Press conference line.,,I'd rather be judged on winning than praised for trying.,"Radši ať mě soudí za vítězství, než chválí za snahu."
pressAnswerPlayDown4,Press conference line.,,I'll keep my thoughts in the dressing room.,Svoje myšlenky si nechám do kabiny.
pressAnswerPlayDown5,Press conference line.,,You've seen the game. Your read is as good as mine.,Zápas jste viděli. Váš názor je stejně dobrý jako můj.
pressAnswerPlayDown6,Press conference line.,,Nothing I say tonight changes the result.,"Nic, co dneska řeknu, výsledek nezmění."
tacticsSubAlreadyOff,Snackbar when the manager tries to re-use a substituted player.,{name},{name} has already been taken off and cannot come back on.,{name} už byl vystřídán a zpátky na hřiště nemůže.
tacticsSubSentOff,Snackbar when the manager tries to bring on a sent-off player.,{name},{name} has been sent off and takes no further part.,{name} byl vyloučen a do hry už nezasáhne.
tacticsInjuredShort,Pitch-node flag under an injured player's disc. Kept to one word so it fits inside the node's width.,,INJURED,ZRANĚN
tacticsSuspendedShort,Pitch-node flag under a suspended player's disc.,,SUSPENDED,STOPKA
confEurope,Continent name.,,Europe,Evropa
confSouthAmerica,Continent name.,,South America,Jižní Amerika
confNorthAmerica,Continent name (North & Central America and the Caribbean).,,North America,Severní Amerika
confAfrica,Continent name.,,Africa,Afrika
confAsia,Continent name.,,Asia,Asie
confOceania,Continent name.,,Oceania,Oceánie
compWorldCup,Competition name shown to the manager. The stored name stays English.,,World Championship,Mistrovství světa
compWorldCupFinals,Competition name: the World Championship finals tournament.,,World Championship Finals,Finálový turnaj MS
compWorldCupQualifying,"Competition name: World Championship qualifying, region unspecified.",,World Championship Qualifying,Kvalifikace MS
compQualifiers,Competition name: one continent's World Championship qualifying campaign.,{region},{region} Qualifiers,Kvalifikace: {region}
compFriendlies,Competition name for the friendly-match container.,,Friendlies,Přátelská utkání
compNationsCup,Competition name.,,Nations Cup,Pohár národů
compContinentalClash,Competition name: the champions-of-champions one-off.,,Continental Clash,Souboj kontinentů
compIntercontinentalPlayoff,Competition name.,,Intercontinental Play-off,Mezikontinentální baráž
compContinentalChampionship,Generic name for a continental cup when the confederation is not known.,,Continental Championship,Kontinentální šampionát
compEuropeanChampionship,Continental cup name.,,European Championship,Mistrovství Evropy
compSouthAmericaCup,Continental cup name.,,South America Cup,Pohár Jižní Ameriky
compAfricanChampionship,Continental cup name.,,African Championship,Mistrovství Afriky
compAsianChampionship,Continental cup name.,,Asian Championship,Mistrovství Asie
compNorthAmericaCup,Continental cup name.,,North America Cup,Pohár Severní Ameriky
compOceaniaCup,Continental cup name.,,Oceania Cup,Pohár Oceánie
msgANation,Inbox fallback when a nation cannot be named.,,A nation,Národní tým
msgAPlayer,Inbox fallback when a player cannot be named.,,A player,Hráč
msgAHostNation,Inbox fallback when the host of a continental cup is not known yet.,,a host nation,pořadatel
msgCycleTitle1,"Inbox: cycle-start headline, one of four.",,A new cycle begins,Začíná nový cyklus
msgCycleTitle2,"Inbox: cycle-start headline, one of four.",{year},The road to {year} opens,Cesta na MS {year} začíná
msgCycleTitle3,"Inbox: cycle-start headline, one of four.",,A fresh campaign dawns,Svítá nová kampaň
msgCycleTitle4,"Inbox: cycle-start headline, one of four.",,Back to work,Zpátky do práce
msgCycleBody1,"Inbox: cycle-start body, one of four.",{year},The road to the {year} World Championship starts here.,Cesta na mistrovství světa {year} začíná tady.
msgCycleBody2,"Inbox: cycle-start body, one of four.",{year},A new cycle. The {year} World Championship is the target.,Nový cyklus. Cílem je mistrovství světa {year}.
msgCycleBody3,"Inbox: cycle-start body, one of four.",{year},Four years to the {year} World Championship. Work starts now.,Čtyři roky do MS {year}. Práce začíná teď.
msgCycleBody4,"Inbox: cycle-start body, one of four.",{year},The {year} campaign begins today.,Kampaň {year} začíná dnes.
msgContHostTitle,Inbox: continental cup host chosen.,{cup} {host},{cup} host: {host},Pořadatel {cup}: {host}
msgContHostBody,"Inbox: continental cup host chosen, body.",{host} {cup},{host} will host the next {cup}.,{host} bude hostit příští {cup}.
msgContQualDrawTitle,Inbox: continental qualifying draw made.,{cup},{cup} qualifying draw,Los kvalifikace: {cup}
msgContQualDrawBody,"Inbox: continental qualifying draw made, body.",{cup},The {cup} qualifying groups have been drawn.,Kvalifikační skupiny turnaje {cup} jsou vylosovány.
msgWcHostTitle,Inbox: World Championship host chosen.,{year} {host},{year} World Championship host: {host},Pořadatel MS {year}: {host}
msgWcHostBody,"Inbox: World Championship host chosen, body.",{host} {year},{host} will host the {year} World Championship.,{host} bude hostit mistrovství světa {year}.
msgWcQualDrawTitle,Inbox: World Championship qualifying draw made.,,World Championship qualifying draw,Los kvalifikace MS
msgWcQualDrawBody,"Inbox: World Championship qualifying draw made, body.",,The World Championship qualifying groups have been drawn.,Kvalifikační skupiny MS jsou vylosovány.
msgContFinalsDrawTitle,Inbox: continental finals draw made.,{cup},{cup} finals draw,Los turnaje {cup}
msgContFinalsDrawBody,"Inbox: continental finals draw made, body.",{cup},The {cup} finals groups have been drawn.,Skupiny turnaje {cup} jsou vylosovány.
msgWcFinalsDrawTitle,Inbox: World Championship finals draw made.,,World Championship finals draw,Los MS
msgWcFinalsDrawBody,"Inbox: World Championship finals draw made, body.",{year},The {year} World Championship finals draw has been made.,Los mistrovství světa {year} je hotový.
msgQualWcTitle1,"Inbox: qualified for the World Championship, headline.",,Through to the World Championship,Jedeme na mistrovství světa
msgQualWcTitle2,"Inbox: qualified for the World Championship, headline.",,World Championship booked,Místo na MS je zajištěné
msgQualWcTitle3,"Inbox: qualified for the World Championship, headline.",,We're going to the World Championship,Jedeme na MS
msgQualWcTitle4,"Inbox: qualified for the World Championship, headline.",,Ticket punched,Letenka je orazítkovaná
msgQualWcBody1,"Inbox: qualified for the World Championship, body.",{year},You have qualified for the {year} World Championship finals.,Postoupili jste na mistrovství světa {year}.
msgQualWcBody2,"Inbox: qualified for the World Championship, body.",{year},It's official: your nation is at the {year} World Championship.,Je to oficiální: váš tým je na MS {year}.
msgQualWcBody3,"Inbox: qualified for the World Championship, body.",{year},A place at the {year} World Championship is secured.,Místo na mistrovství světa {year} je jisté.
msgQualWcBody4,"Inbox: qualified for the World Championship, body.",{year},You're through to the {year} World Championship finals.,Jste na závěrečném turnaji MS {year}.
msgQualContTitle1,"Inbox: qualified for the continental cup, headline.",{cup},Through to {cup},Postup na {cup}
msgQualContTitle2,"Inbox: qualified for the continental cup, headline.",{cup},{cup} booked,{cup} je zajištěné
msgQualContTitle3,"Inbox: qualified for the continental cup, headline.",{cup},Qualified for {cup},Kvalifikace na {cup} zvládnuta
msgQualContBody1,"Inbox: qualified for the continental cup, body.",{cup},You have qualified for the {cup} finals.,Postoupili jste na turnaj {cup}.
msgQualContBody2,"Inbox: qualified for the continental cup, body.",{cup},Your nation has sealed its place at {cup}.,Váš tým si zajistil místo na turnaji {cup}.
msgQualContBody3,"Inbox: qualified for the continental cup, body.",{cup},You're through to {cup}.,Jste na turnaji {cup}.
msgChampTitleMine1,"Inbox: the manager's nation won a cup, headline.",{comp},{comp} CHAMPIONS!,{comp}: JSME MISTŘI!
msgChampTitleMine2,"Inbox: the manager's nation won a cup, headline.",{comp},Champions of the {comp}!,Mistři turnaje {comp}!
msgChampTitleMine3,"Inbox: the manager's nation won a cup, headline.",{comp},You've won the {comp}!,Vyhráli jste {comp}!
msgChampTitleOther1,"Inbox: somebody else won a cup, headline.",{comp},{comp} decided,{comp} zná vítěze
msgChampTitleOther2,"Inbox: somebody else won a cup, headline.",{comp},{comp} champions crowned,Mistr turnaje {comp} je znám
msgChampTitleOther3,"Inbox: somebody else won a cup, headline.",{comp},The {comp} is won,{comp} má svého vítěze
msgChampBodyMine1,"Inbox: the manager's nation won a cup, body.",{year} {comp} {loser} {result},"Your nation are the {year} {comp} champions, beating {loser}{result}.",Váš tým je mistrem turnaje {comp} {year} po výhře nad {loser}{result}.
msgChampBodyMine2,"Inbox: the manager's nation won a cup, body.",{year} {comp} {loser} {result},"You've won the {year} {comp}, seeing off {loser}{result}.","Vyhráli jste {comp} {year}, {loser} nestačilo{result}."
msgChampBodyMine3,"Inbox: the manager's nation won a cup, body.",{year} {comp} {loser} {result},The {year} {comp} is yours. {loser} beaten{result}.,{comp} {year} je vaše. {loser} poraženo{result}.
msgChampBodyOther1,"Inbox: somebody else won a cup, body.",{winner} {year} {comp} {loser} {result},"{winner} won the {year} {comp}, beating {loser}{result}.",{winner} vyhrálo {comp} {year} po výhře nad {loser}{result}.
msgChampBodyOther2,"Inbox: somebody else won a cup, body.",{winner} {year} {comp} {loser} {result},"{winner} are the {year} {comp} champions, defeating {loser}{result}.","{winner} je mistrem turnaje {comp} {year}, ve finále porazilo {loser}{result}."
msgFinalScoreSuffix,"Inbox: the final's scoreline, appended to a champions message.",{home} {away}, {home}–{away} in the final, {home}:{away} ve finále
msgFinalPensSuffix,"Inbox: a final settled on penalties, appended to a champions message.",{home} {away}," on penalties, after a {home}–{away} final", na penalty po remíze {home}:{away} ve finále
msgWpotyTitle,Inbox: award headline.,,World Player of the Year,Světový hráč roku
msgWpotyBodyMine,"Inbox: award body, the manager's own player.",{name} {nation} {year},"{name} ({nation}) is named {year} World Player of the Year, one of yours.","{name} ({nation}) je světovým hráčem roku {year}, a je váš."
msgWpotyBodyOther,Inbox: award body.,{name} {nation} {year},{name} ({nation}) is named {year} World Player of the Year.,{name} ({nation}) je světovým hráčem roku {year}.
msgYpotTitle,Inbox: award headline.,,Young Player of the Tournament,Nejlepší mladý hráč turnaje
msgYpotBodyMine,"Inbox: award body, the manager's own player.",{name} {nation} {age} {year},"{name} ({nation}), aged {age}, is named {year} Young Player of the Tournament, one of yours.","{name} ({nation}), {age} let, je nejlepším mladým hráčem turnaje {year}, a je váš."
msgYpotBodyOther,Inbox: award body.,{name} {nation} {age} {year},"{name} ({nation}), aged {age}, is named {year} Young Player of the Tournament.","{name} ({nation}), {age} let, je nejlepším mladým hráčem turnaje {year}."
msgRankHold1,Inbox: world ranking unchanged.,{rank},You hold at #{rank}.,Držíte se na #{rank}.
msgRankHold2,Inbox: world ranking unchanged.,{rank},"No change, still #{rank}.","Beze změny, stále #{rank}."
msgRankHold3,Inbox: world ranking unchanged.,{rank},Steady at #{rank}.,Stabilně na #{rank}.
msgRankUp1,Inbox: world ranking climbed.,"PLURAL — keep the {count, plural, …} skeleton exactly; translate only the words inside the branches","Up {move, plural, one{1 place} other{{move} places}} this cycle, to #{rank}.","Postup o {move, plural, one{1 místo} few{{move} místa} other{{move} míst}} v tomto cyklu, na #{rank}."
msgRankUp2,Inbox: world ranking climbed.,"PLURAL — keep the {count, plural, …} skeleton exactly; translate only the words inside the branches","A climb of {move, plural, one{1 place} other{{move} places}} lifts you to #{rank}.","Skok o {move, plural, one{1 místo} few{{move} místa} other{{move} míst}} vás posouvá na #{rank}."
msgRankUp3,Inbox: world ranking climbed.,"PLURAL — keep the {count, plural, …} skeleton exactly; translate only the words inside the branches","Up {move, plural, one{1 place} other{{move} places}}, now #{rank}.","Nahoru o {move, plural, one{1 místo} few{{move} místa} other{{move} míst}}, teď #{rank}."
msgRankDown1,Inbox: world ranking slipped.,"PLURAL — keep the {count, plural, …} skeleton exactly; translate only the words inside the branches","Down {move, plural, one{1 place} other{{move} places}} this cycle, to #{rank}.","Pád o {move, plural, one{1 místo} few{{move} místa} other{{move} míst}} v tomto cyklu, na #{rank}."
msgRankDown2,Inbox: world ranking slipped.,"PLURAL — keep the {count, plural, …} skeleton exactly; translate only the words inside the branches","A slide of {move, plural, one{1 place} other{{move} places}} drops you to #{rank}.","Propad o {move, plural, one{1 místo} few{{move} místa} other{{move} míst}} vás sráží na #{rank}."
msgRankDown3,Inbox: world ranking slipped.,"PLURAL — keep the {count, plural, …} skeleton exactly; translate only the words inside the branches","Down {move, plural, one{1 place} other{{move} places}}, now #{rank}.","Dolů o {move, plural, one{1 místo} few{{move} místa} other{{move} míst}}, teď #{rank}."
msgRankLeadYou,Inbox: the manager's nation is world number one.,,You top the world.,Vedete světový žebříček.
msgRankLeadOther,Inbox: who leads the world ranking.,{nation},{nation} top the world.,V čele světa je {nation}.
msgRankTitle,Inbox: ranking release headline.,{rank},World ranking · #{rank},Světový žebříček · #{rank}
msgRankBody,Inbox: ranking release body.,{lead} {movement},The world ranking has been updated. {lead} {movement},Světový žebříček byl aktualizován. {lead} {movement}
msgCapsTitle,Inbox: caps milestone headline.,{name} {count},{name} reaches {count} caps,{name} má {count} startů
msgCapsBody,Inbox: caps milestone body.,{name} {count},{name} has now made {count} appearances for your nation.,{name} nastoupil za váš tým už {count}krát.
msgGoalsTitle,Inbox: goals milestone headline.,{name} {count},{name} reaches {count} goals,{name} má {count} gólů
msgGoalsBody,Inbox: goals milestone body.,{name} {count},{name} has scored {count} international goals for your nation.,{name} vstřelil za váš tým {count} reprezentačních gólů.
msgDevTitle,Inbox: yearly squad development report headline.,{year},Squad development · {year},Vývoj kádru · {year}
msgThroughTitle,Inbox: the boys who have come up through the youth pyramid into the senior pool.,{year},Through from the academy · {year},Z akademie do áčka · {year}
msgThroughNote,"Line above the academy-graduates table, distinguishing it from the yearly intake.",,These are not a new intake. They are the boys who came in at eleven and have now grown into the senior pool.,"Nejde o nový nábor. Jsou to kluci, kteří přišli v jedenácti a teď dorostli do seniorského kádru."
msgNewFacesTitle,Inbox: yearly newcomers report headline.,{year},New faces · {year},Nové tváře · {year}
msgIntakeTitle,Inbox: yearly youth intake headline.,{year},Academy intake · {year},Nábor akademie · {year}
msgRetireCaptainTitle,Inbox: the captain retires.,{name},Your captain {name} retires,Kapitán {name} končí
msgRetireTitle,Inbox: a notable player retires.,{name},{name} retires from internationals,{name} končí v reprezentaci
msgRetireBody,Inbox: retirement body.,{name} {age},{name} has retired from international football at {age}.,{name} ukončil reprezentační kariéru ve {age} letech.
msgRetireBodyWith,Inbox: retirement body with a career tally.,{name} {age} {tally},"{name} has retired from international football at {age}, bowing out with {tally}.",{name} ukončil reprezentační kariéru ve {age} letech s bilancí {tally}.
msgTallyCaps,Inbox: caps part of a retirement tally.,"PLURAL — keep the {count, plural, …} skeleton exactly; translate only the words inside the branches","{count, plural, one{1 cap} other{{count} caps}}","{count, plural, one{1 start} few{{count} starty} other{{count} startů}}"
msgTallyGoals,Inbox: goals part of a retirement tally.,"PLURAL — keep the {count, plural, …} skeleton exactly; translate only the words inside the branches","{count, plural, one{1 goal} other{{count} goals}}","{count, plural, one{1 gól} few{{count} góly} other{{count} gólů}}"
msgArmbandVacant,Inbox: appended when the retiree was captain.,, The armband is vacant. Name a new captain from the call-up screen., Kapitánská páska je volná. Nového kapitána jmenujte na obrazovce nominace.
msgHofTitle,Inbox: hall-of-fame headline.,{name},{name} inducted into the Hall of Fame,{name} uveden do Síně slávy
msgHofBody,Inbox: hall-of-fame body.,{name} {caps} {goals},"{name} joins your nation’s Hall of Fame ({caps} caps, {goals} goals). See them in Legends.","{name} vstupuje do Síně slávy vašeho týmu ({caps} startů, {goals} gólů). Najdete ho mezi Legendami."
hubBanTitle,Inbox: a player is banned after a sending-off.,{name},{name} suspended,{name} má stopku
hubBanBody,Inbox: suspension body. {how} is one of the hubBanHow* strings.,"PLURAL — keep the {count, plural, …} skeleton exactly; translate only the words inside the branches","{name} {how} and is banned for {matches, plural, one{your next match} other{the next {matches} matches}}. They will be unavailable for selection.","{name} {how} a má stop na {matches, plural, one{příští zápas} few{příští {matches} zápasy} other{příštích {matches} zápasů}}. Nebude k dispozici."
hubBanHowSecondYellow,Inbox: how a player was sent off.,,was sent off for a second booking,byl vyloučen po druhé žluté kartě
hubBanHowViolent,Inbox: how a player was sent off.,,was shown a straight red for violent conduct,dostal přímou červenou za surovou hru
hubBanHowRed,Inbox: how a player was sent off.,,was sent off,byl vyloučen
hubInjuryTitle,Inbox: a player picked up a knock.,{name},{name} injured,{name} je zraněný
hubInjuryBody,Inbox: injury body.,"PLURAL — keep the {count, plural, …} skeleton exactly; translate only the words inside the branches","{name} picked up a knock and is out for {matches, plural, one{1 match} other{{matches} matches}}.","{name} se zranil a chybí {matches, plural, one{1 zápas} few{{matches} zápasy} other{{matches} zápasů}}."
hubRunnerUpTitle1,"Inbox: lost a final, headline.",,Runners-up,Stříbro
hubRunnerUpTitle2,"Inbox: lost a final, headline.",,"So near, yet so far",Tak blízko a přece daleko
hubRunnerUpTitle3,"Inbox: lost a final, headline.",,Silver medals,Stříbrné medaile
hubRunnerUpBody1,"Inbox: lost a final, body.",{cup} {opponent},You reached the {cup} final but lost to {opponent}. So close. Silver this time.,"Došli jste ve finále turnaje {cup}, ale {opponent} bylo lepší. Tak blízko. Tentokrát stříbro."
hubRunnerUpBody2,"Inbox: lost a final, body.",{opponent} {cup},"Beaten by {opponent} in the {cup} final. Runners-up, agonisingly close.","Ve finále turnaje {cup} vás porazilo {opponent}. Stříbro, k zbláznění blízko."
hubRunnerUpBody3,"Inbox: lost a final, body.",{cup} {opponent},"The {cup} final slipped away against {opponent}. So much to be proud of, but not the trophy.","Finále turnaje {cup} vám proti {opponent} uteklo. Je na co být hrdý, jen ta trofej chybí."
hubKnockedOutTitle1,"Inbox: knocked out of a tournament, headline.",,Knocked out,Konec turnaje
hubKnockedOutTitle2,"Inbox: knocked out of a tournament, headline.",,The end of the road,Cesta končí
hubKnockedOutTitle3,"Inbox: knocked out of a tournament, headline.",,Journey over,Dojeli jsme
hubKnockedOutBody1,"Inbox: knocked out of a tournament, body.",{cup} {opponent} {stage},"You're out of the {cup}, beaten by {opponent} in the {stage}.","Končíte na turnaji {cup}, v {stage} vás vyřadilo {opponent}."
hubKnockedOutBody2,"Inbox: knocked out of a tournament, body.",{opponent} {cup} {stage},{opponent} end your {cup} in the {stage}.,{opponent} vám ukončilo turnaj {cup} v {stage}.
hubKnockedOutBody3,"Inbox: knocked out of a tournament, body.",{cup} {stage} {opponent},"Your {cup} ends in the {stage}, beaten by {opponent}.","Váš turnaj {cup} končí v {stage}, porazilo vás {opponent}."
hubGroupExitTitle1,"Inbox: eliminated in the group stage, headline.",,Group stage exit,Konec ve skupině
hubGroupExitTitle2,"Inbox: eliminated in the group stage, headline.",,Out at the group stage,Vypadli jsme ve skupině
hubGroupExitTitle3,"Inbox: eliminated in the group stage, headline.",,Early bath,Brzký konec
hubGroupExitBody1,"Inbox: eliminated in the group stage, body.",{cup},Your {cup} is over at the group stage. Not enough to reach the knockouts.,Váš turnaj {cup} končí už ve skupině. Na vyřazovací boje to nestačilo.
hubGroupExitBody2,"Inbox: eliminated in the group stage, body.",{cup},You failed to get out of the group. Your {cup} ends here.,Ze skupiny jste nepostoupili. Turnaj {cup} pro vás končí.
hubGroupExitBody3,"Inbox: eliminated in the group stage, body.",{cup},No knockout place this time. Your {cup} is done at the group stage.,Vyřazovací fáze tentokrát nebude. Turnaj {cup} končí ve skupině.
boardObjectiveMetTitle,Inbox: the board's verdict on a cycle objective.,{comp},Objective met: {comp},Cíl splněn: {comp}
boardObjectiveMissedTitle,Inbox: the board's verdict on a cycle objective.,{comp},Objective missed: {comp},Cíl nesplněn: {comp}
boardObjectiveMetBody,Inbox: the board's verdict body when the objective was met.,{comp} {demand} {finish},The board's target at the {comp}: {demand}. You finished: {finish}. They have what they asked for.,"Cíl vedení na turnaji {comp}: {demand}. Vaše umístění: {finish}. Vedení má, oč žádalo."
boardObjectiveMissedBody,Inbox: the board's verdict body when the objective was missed.,{comp} {demand} {finish},The board's target at the {comp}: {demand}. You finished: {finish}. That is short of what was expected.,Cíl vedení na turnaji {comp}: {demand}. Vaše umístění: {finish}. To je pod očekávání.
newsWcMissTitle,Inbox: failed to qualify for the World Championship.,,World Championship dream over,Sen o mistrovství světa končí
newsWcMissBody,"Inbox: failed to qualify for the World Championship, body.",{year},You didn't make the {year} World Championship. The qualifying campaign fell short. Four more years.,Na mistrovství světa {year} jedete jen jako diváci. Kvalifikace nevyšla. Další čtyři roky.
newsRecordScorerTitle,Inbox: a new all-time scoring record.,,All-time top scorer,Nejlepší střelec historie
newsRecordScorerBody,Inbox: all-time scoring record body.,{name} {goals},{name} is now the game's all-time leading goalscorer with {goals} goals.,{name} je nejlepším střelcem historie s {goals} góly.
newsRecordCapsTitle,Inbox: a new all-time appearance record.,,Most-capped player,Rekordman v počtu startů
newsRecordCapsBody,Inbox: all-time appearance record body.,{name} {caps},{name} is now the game's most-capped player with {caps} appearances.,{name} je rekordmanem v počtu startů s {caps} zápasy.
newsARecordBreaker,Inbox fallback when the record holder cannot be named.,,A new record-breaker,Nový rekordman
newsTransferTitle,Inbox: a notable club transfer.,{name} {club},{name} joins {club},{name} přestupuje do {club}
newsTransferBody,Inbox: transfer body.,{name} {position} {rating} {fromClub} {destination} {fee},"{name} ({position}, {rating}) has left {fromClub} to sign for {destination} for {fee}.","{name} ({position}, {rating}) opouští {fromClub} a míří do {destination} za {fee}."
newsTransferAbroad,How a club abroad is named in transfer news.,{club} {country},{club} in {country},{club} ({country})
newsTransferFree,Transfer fee when there is none.,,a free transfer,volný přestup
newsNatzStarTitle,Inbox: a star naturalisation candidate.,{name} {nation},⭐ {name} would switch to {nation}!,⭐ {name} by přestoupil do reprezentace {nation}!
newsNatzTitle,Inbox: a naturalisation candidate.,{name} {nation},{name} wants to play for {nation},{name} chce hrát za {nation}
newsNatzBody,Inbox: naturalisation offer body.,{name} {age} {position} {rating} {fromNation} {nation},"{name}, a {age}-year-old {position} rated {rating} currently with {fromNation}, has family ties to {nation} and is open to switching. Open the Naturalisation offer to accept or decline.","{name}, {age}letý {position} s ratingem {rating}, momentálně reprezentuje {fromNation}. Má rodinné vazby na {nation} a je ochoten přestoupit. Nabídku naturalizace přijměte nebo odmítněte v menu."
newsNatzBodyStar,Inbox: naturalisation offer body for a star player.,{name} {age} {position} {rating} {fromNation} {nation},"{name}, a {age}-year-old {position} rated {rating} currently with {fromNation}, is a star name who has family ties to {nation} and is open to switching. Open the Naturalisation offer to accept or decline.","{name}, {age}letý {position} s ratingem {rating}, momentálně reprezentuje {fromNation}. Je to hvězda, má rodinné vazby na {nation} a je ochoten přestoupit. Nabídku naturalizace přijměte nebo odmítněte v menu."
newsTheirNation,Fallback for an unnamed source nation in naturalisation news.,,their nation,jejich reprezentace
newsYourNation,Fallback for an unnamed destination nation in naturalisation news.,,your nation,vaše reprezentace
tourStatusChampions,Tournament tile status.,,CHAMPIONS,MISTŘI
tourStatusFinals,Tournament tile status.,,FINALS,ZÁVĚREČNÝ TURNAJ
tourStatusQualifying,Tournament tile status.,,QUALIFYING,KVALIFIKACE
tourStatusUpcoming,Tournament tile status.,,UPCOMING,PŘIPRAVUJE SE
tourStatusInProgress,Tournament tile status.,,IN PROGRESS,PROBÍHÁ
tourStatusComingSoon,Tournament tile status.,,COMING SOON,BRZY
tourStatusDecided,Tournament tile status.,,DECIDED,ROZHODNUTO
tourStatusLeague,Tournament tile status: which Nations Cup league the manager is in.,{letter},LEAGUE {letter},LIGA {letter}
tourDrawWcQualifying,Draw-ceremony heading.,,WORLD CUP QUALIFYING DRAW,LOS KVALIFIKACE MS
tourDrawContQualifying,Draw-ceremony heading.,{cup},{cup} QUALIFYING DRAW,LOS KVALIFIKACE: {cup}
tourDrawWcHost,Host-draw ceremony heading.,,WORLD CUP HOST,POŘADATEL MS
tourDrawContHost,Host-draw ceremony heading.,{cup},{cup} HOST,POŘADATEL: {cup}
tourKickoffContinentalCup,Fallback tournament name on the opening-ceremony screen.,,CONTINENTAL CUP,KONTINENTÁLNÍ POHÁR
tourHostCompetitionYear,Host banner: the competition and its year.,{competition} {year},{competition} {year},{competition} {year}
newsContMissTitle,Inbox: failed to qualify for the continental cup.,{cup},{cup} missed,{cup} bez nás
newsContMissBody,"Inbox: failed to qualify for the continental cup, body.",{cup},You didn't qualify for {cup}. The campaign came up short this time.,Na turnaj {cup} jste nepostoupili. Kvalifikace tentokrát nevyšla.
newsPotyTitle,Inbox: the year's player award.,{year},World Player of the Year {year},Světový hráč roku {year}
newsPotyBody,"Inbox: the year's player award, body.",{name},{name} is the best player in the world this year.,{name} je letos nejlepším hráčem světa.
newsPotyYoungSuffix,Inbox: appended when a different player takes the young-player award.,{name}, {name} takes the young player's award., Cenu pro nejlepšího mladého hráče bere {name}.
matchTopBarTitle,Live-match screen top bar.,,MATCH,ZÁPAS
matchStatsAtFullTime,Live match: stats tab before full time.,,Stats available at full time.,Statistiky budou k dispozici po konci zápasu.
matchPlayerRatings,Live match: player-ratings heading.,,PLAYER RATINGS,ZNÁMKY HRÁČŮ
matchSubstitutions,Live match: substitutions heading.,,SUBSTITUTIONS,STŘÍDÁNÍ
matchSubstitutes,Live match: bench heading.,,SUBSTITUTES,NÁHRADNÍCI
matchPlayerOfTheMatch,Live match: man-of-the-match heading.,,PLAYER OF THE MATCH,HRÁČ ZÁPASU
matchGoalShout,Live match: the goal flash.,,GOAL!,GÓL!
matchShootoutScore,Live match: the shoot-out scoreline.,{home} {away},SHOOTOUT {home}–{away},PENALTY {home}:{away}
tourVenues,Tournament screen: venues card heading.,,VENUES,STADIONY
tourPot,Draw ceremony: a seeding pot.,{number},POT {number},KOŠ {number}
tourHostSelection,Host-draw screen heading.,,HOST SELECTION,VOLBA POŘADATELE
tourCandidates,Host-draw screen: the bidding nations.,,CANDIDATES,KANDIDÁTI
tourJointBid,Host-draw screen: a shared bid.,,JOINT BID,SPOLEČNÁ KANDIDATURA
tourGoldenGlove,Tournament awards: best goalkeeper.,,GOLDEN GLOVE,ZLATÁ RUKAVICE
tourTeamOfTournament,Tournament awards heading.,,TEAM OF THE TOURNAMENT,NEJLEPŠÍ JEDENÁCTKA TURNAJE
tourYourRun,Tournament bracket: the manager's own path.,,YOUR RUN,VAŠE CESTA
tourMedalTable,Tournament history heading.,,MEDAL TABLE,MEDAILOVÉ POŘADÍ
tourHostLine,Tournament history: who hosted an edition.,{nation},Host: {nation},Pořadatel: {nation}
tourHostLineMulti,"Tournament history: an edition shared by two or more co-hosts, shown as country codes separated by middle dots (e.g. ""USA · CAN · MEX"").",{hosts},Hosts: {hosts},Pořadatelé: {hosts}
tourGroupNamed,A group's name in a bracket or table.,{name},Group {name},Skupina {name}
tourFinalsDrawBlurb,Finals-draw screen blurb.,,Seeded by world ranking. Spot your nation before the draw.,"Nasazení podle světového žebříčku. Najděte svůj tým, než začne los."
tourWorldRanking,Tournaments screen: link to the world ranking.,,World Ranking,Světový žebříček
tourYourCompetitions,Tournaments screen section heading.,,YOUR COMPETITIONS,VAŠE SOUTĚŽE
tourOtherContinents,Tournaments screen section heading.,,OTHER CONTINENTS,OSTATNÍ KONTINENTY
tourHostedBy,Opening-ceremony screen: the host nations.,{hosts},HOSTED BY  {hosts},POŘÁDÁ  {hosts}
tourThirdsAdvance,Best-third-placed table: how many go through and where.,{count} {destination},Top {count} advance to {destination},Nejlepších {count} postupuje do {destination}
newsWalkoutTitle,Inbox: a player retires internationally after being ignored.,{name},{name} walks away,{name} končí v reprezentaci
newsWalkoutBody,Inbox: walkout body.,{name} {age} {caps},"{name} has retired from international football at {age}, with {caps} caps. He asked to be told where he stood and was not, and he is not waiting any longer.","{name} ukončil reprezentační kariéru ve {age} letech s {caps} starty. Chtěl vědět, na čem je, odpovědi se nedočkal, a déle už nečekal."
pressProbeAccountability1,Press conference: a Accountability follow-up question.,,You've backed them again. Is nobody in that dressing room accountable?,Znovu se zastáváte hráčů. Nenese v té kabině nikdo odpovědnost?
pressProbeAccountability2,Press conference: a Accountability follow-up question.,,That's the players defended. Who actually answers for a night like that?,Hráče jste obhájil. Kdo se tedy za takový večer zodpovídá?
pressProbeAccountability3,Press conference: a Accountability follow-up question.,,Loyalty is easy from up there. Does anyone pay a price?,Loajalita se hlásá snadno. Ponese to někdo?
pressProbeAccountability4,Press conference: a Accountability follow-up question.,,"If it's never the players, we're left with one name. Yours.","Když to nikdy nejsou hráči, zbývá jediné jméno. To vaše."
pressProbeYourFuture1,Press conference: a YourFuture follow-up question.,,You've taken it on yourself. Should we be asking about your future?,Berete to na sebe. Máme se ptát na vaši budoucnost?
pressProbeYourFuture2,Press conference: a YourFuture follow-up question.,,Falling on your sword is noble. Is the job still yours?,Padnout na meč je ušlechtilé. Je to místo pořád vaše?
pressProbeYourFuture3,Press conference: a YourFuture follow-up question.,,You keep saying it's you. At what point is that a resignation?,"Pořád opakujete, že je to na vás. Odkdy je to rezignace?"
pressProbeYourFuture4,Press conference: a YourFuture follow-up question.,,The board are listening too. Are you sure you want that on record?,Poslouchá i vedení. Určitě to chcete mít v záznamu?
pressProbeDressingRoom1,Press conference: a DressingRoom follow-up question.,,Strong words in public. Have you lost that dressing room?,Ostrá slova na veřejnosti. Neztratil jste kabinu?
pressProbeDressingRoom2,Press conference: a DressingRoom follow-up question.,,You've just told the country they're not good enough. How does that help?,"Právě jste zemi řekl, že na to nemají. Jak jim to pomůže?"
pressProbeDressingRoom3,Press conference: a DressingRoom follow-up question.,,Demanding it here rather than in there. Is that leadership?,Žádat to tady místo v kabině. Je tohle vedení mužstva?
pressProbeDressingRoom4,Press conference: a DressingRoom follow-up question.,,Players read this too. What do they hear tomorrow morning?,Hráči to čtou taky. Co uslyší zítra ráno?
pressProbeExpectation1,Press conference: a Expectation follow-up question.,,You've raised the bar in public. Is that not a hostage to fortune?,Nahlas jste zvedl laťku. Není to sázka na štěstí?
pressProbeExpectation2,Press conference: a Expectation follow-up question.,,Big promise. What happens the day you don't deliver it?,"Velký slib. Co se stane v den, kdy ho nesplníte?"
pressProbeExpectation3,Press conference: a Expectation follow-up question.,,Every manager before you said the same and packed a bag. Why are you different?,Každý trenér před vámi říkal totéž a pak si sbalil. Proč jste jiný?
pressProbeExpectation4,Press conference: a Expectation follow-up question.,,You've set the target. Will you resign if you miss it?,"Cíl jste si stanovil sám. Odejdete, když ho nesplníte?"
pressProbeSubstance1,Press conference: a Substance follow-up question.,,"With respect, that's not an answer. Give us something.","S dovolením, tohle není odpověď. Řekněte nám něco."
pressProbeSubstance2,Press conference: a Substance follow-up question.,,The country wants to hear from you. Anything at all?,Země chce slyšet vás. Aspoň něco?
pressProbeSubstance3,Press conference: a Substance follow-up question.,,You can keep saying nothing. We'll keep printing it.,Můžete dál mlčet. My to budeme dál otiskovat.
pressProbeSubstance4,Press conference: a Substance follow-up question.,,One straight sentence. What do you actually think?,Jednu jasnou větu. Co si o tom doopravdy myslíte?
pressProbeSelection1,Press conference: a Selection follow-up question.,,"Same names, same shape, same result. Why does that team keep getting picked?","Stejná jména, stejné rozestavení, stejný výsledek. Proč pořád nasazujete tuhle sestavu?"
pressProbeSelection2,Press conference: a Selection follow-up question.,,There are players in form watching this on television. Explain the selection.,Hráči ve formě to sledují v televizi. Vysvětlete tu nominaci.
pressProbeSelection3,Press conference: a Selection follow-up question.,,"Is the XI picked on merit, or on reputation?","Vybíráte jedenáctku podle formy, nebo podle jména?"
pressProbeSelection4,Press conference: a Selection follow-up question.,,"Tactically, we all saw the problem. Did you?",Takticky jsme ten problém viděli všichni. Vy taky?
pressProbeTheFans1,Press conference: a TheFans follow-up question.,,Thousands travelled for that. What do you say to them tonight?,Tisíce lidí kvůli tomu cestovaly. Co jim dnes večer řeknete?
pressProbeTheFans2,Press conference: a TheFans follow-up question.,,The supporters have stuck with this team for years. What are you giving them?,Fanoušci u tohohle týmu vydrželi roky. Co jim dáváte vy?
pressProbeTheFans3,Press conference: a TheFans follow-up question.,,They sing your name or they don't. Which is it going to be?,"Buď vaše jméno skandují, nebo ne. Jak to bude?"
pressProbeTheFans4,Press conference: a TheFans follow-up question.,,Message to the people back home. Go on.,Vzkaz pro lidi doma. Prosím.
pressProbeBigPicture1,Press conference: a BigPicture follow-up question.,,Step back for me. Where is this nation actually going?,Zkusme odstup. Kam tahle reprezentace vlastně směřuje?
pressProbeBigPicture2,Press conference: a BigPicture follow-up question.,,"From the outside, nothing has changed here in years. Has it?",Zvenčí se tu roky nic nezměnilo. Nebo ano?
pressProbeBigPicture3,Press conference: a BigPicture follow-up question.,,"In four years' time, what does this side look like?",Jak bude tenhle tým vypadat za čtyři roky?
pressProbeBigPicture4,Press conference: a BigPicture follow-up question.,,"Is this a project, or is it just the next match?","Je tohle projekt, nebo jen další zápas?"
pressNeedleBackPlayers,Press conference: a reporter's aside when the manager keeps taking the same stance.,,You always back them. We've heard it.,Vždycky se jich zastáváte. Slyšeli jsme to už mockrát.
pressNeedleTakeBlame,Press conference: a reporter's aside when the manager keeps taking the same stance.,,"It's always your fault, apparently.",Podle vás je to prý vždycky vaše chyba.
pressNeedleDemandMore,Press conference: a reporter's aside when the manager keeps taking the same stance.,,More demands. Again.,Zase další požadavky.
pressNeedleRaiseBar,Press conference: a reporter's aside when the manager keeps taking the same stance.,,Another promise for the file.,Další slib do archivu.
pressNeedlePlayDown,Press conference: a reporter's aside when the manager keeps taking the same stance.,,You never give us anything.,Nikdy nám nic neřeknete.
pressHeadlineWent1,Press conference: the morning's headline after a conference that went went.,,A manager in charge of the room,"Trenér, který má situaci pevně v rukou"
pressHeadlineWent2,Press conference: the morning's headline after a conference that went went.,,They came for a row and got a leader,"Přišli si pro hádku, odešli s vůdcem"
pressHeadlineWent3,Press conference: the morning's headline after a conference that went went.,,"Straight answers, and they landed","Jasné odpovědi, a sedly"
pressHeadlineMixed1,Press conference: the morning's headline after a conference that went mixed.,,"Plenty said, little settled","Řečeno hodně, vyřešeno málo"
pressHeadlineMixed2,Press conference: the morning's headline after a conference that went mixed.,,"Something for everyone, and nothing for anyone","Něco pro každého, a nic pro nikoho"
pressHeadlineMixed3,Press conference: the morning's headline after a conference that went mixed.,,A conference that left the questions open,"Tisková konference, po které otázky zůstaly"
pressHeadlineBadly1,Press conference: the morning's headline after a conference that went badly.,,A bruising afternoon in front of the cameras,Perná hodina před kamerami
pressHeadlineBadly2,Press conference: the morning's headline after a conference that went badly.,,"The room turned, and it showed","Sál se otočil proti němu, a bylo to vidět"
pressHeadlineBadly3,Press conference: the morning's headline after a conference that went badly.,,Answers that will read worse in the morning,"Odpovědi, které ráno vyzní ještě hůř"
pressHeadlineFlat1,Press conference: the morning's headline after a conference that went flat.,,"Nothing said, nothing gained","Nic neřečeno, nic nezískáno"
pressHeadlineFlat2,Press conference: the morning's headline after a conference that went flat.,,"Ten minutes, no news","Deset minut, žádná zpráva"
pressHeadlineFlat3,Press conference: the morning's headline after a conference that went flat.,,A blank page for the back page,Prázdná stránka pro zadní stranu
pressConferenceTitle,Press sheet heading.,,PRESS CONFERENCE,TISKOVÁ KONFERENCE
pressQuestionOf,Press sheet progress line.,{index} {total},Question {index} of {total},Otázka {index} z {total}
pressTomorrowsHeadline,Press sheet: heading over the closing headline.,,TOMORROW'S BACK PAGE,ZÍTŘEJŠÍ TITULEK
pressLeaveRoom,Press sheet: the button that closes the conference.,,LEAVE THE ROOM,ODEJÍT ZE SÁLU
pressRoomVerdictSquad,Press sheet: the summary line's squad column.,,Dressing room,Kabina
pressRoomVerdictBoard,Press sheet: the summary line's board column.,,Board,Vedení
yReactionElation0,Y feed: a elation reply under somebody else's post.,,no notes. none. perfect.,bez připomínek. žádných. dokonalé.
yReactionElation1,Y feed: a elation reply under somebody else's post.,,I am unwell (good).,je mi zle (v dobrém).
yReactionElation2,Y feed: a elation reply under somebody else's post.,,framing this. putting it above the fireplace.,dávám to do rámečku. nad krb.
yReactionElation3,Y feed: a elation reply under somebody else's post.,,we are so back,jsme zpátky ve hře
yReactionElation4,Y feed: a elation reply under somebody else's post.,,Screenshotting this for the doubters. All of them.,screenshot pro všechny pochybovače. Pro všechny.
yReactionElation5,Y feed: a elation reply under somebody else's post.,,I'm going to be insufferable about this for a decade.,budu s tím otravovat příštích deset let.
yReactionElation6,"Y reply: elation, variant 6.",,Right. That is why we watch.,Tak. Přesně proto se to sleduje.
yReactionElation7,"Y reply: elation, variant 7.",,Days like this pay for the other ones.,Takové dny zaplatí všechny ostatní.
yReactionElation8,"Y reply: elation, variant 8.",,"About time. Genuinely, about time.",Konečně. Fakt konečně.
yReactionElation9,"Y reply: elation, variant 9.",,Great. Now do it again next week and I will believe it.,Super. Zopakujte to za týden a uvěřím tomu.
yReactionElation10,"Y reply: elation, variant 10.",,"Enjoy tonight, because this lot will find a way to ruin it.","Užijte si dnešek, tihle si najdou způsob, jak to pokazit."
yReactionElation11,"Y reply: elation, variant 11.",,One good night does not make anybody a great side.,Jeden dobrý večer z nikoho nedělá velký tým.
yReactionRelief0,Y feed: a relief reply under somebody else's post.,,"Not pretty, but I'll take it every single time.","Krása to nebyla, ale beru to vždycky."
yReactionRelief1,Y feed: a relief reply under somebody else's post.,,Somehow. Somehow!,Nějak. Prostě nějak!
yReactionRelief2,Y feed: a relief reply under somebody else's post.,,Ugly. Three points. Moving on.,Ošklivé. Body doma. Jedeme dál.
yReactionRelief3,Y feed: a relief reply under somebody else's post.,,I will take ugly all day if it comes with points.,"Beru ošklivé celý den, když k tomu jsou body."
yReactionRelief4,Y feed: a relief reply under somebody else's post.,,that took ten years off me,tohle mě stálo deset let života
yReactionRelief5,Y feed: a relief reply under somebody else's post.,,Nobody speak. Nobody jinx it.,Nikdo nic neříkejte. Ať to nezakřiknete.
yReactionRelief6,"Y reply: relief, variant 6.",,Heart rate: unacceptable.,Tep: nepřijatelný.
yReactionRelief7,"Y reply: relief, variant 7.",,Survived. That is the word. Survived.,Přežili jsme. Přesně tak. Přežili.
yReactionRelief8,"Y reply: relief, variant 8.",,We should not need relief from games like that.,Z takových zápasů bychom si neměli oddechovat.
yReactionRelief9,"Y reply: relief, variant 9.",,"Relieved, and a bit embarrassed about being relieved.",Ulevilo se mi a stydím se za to.
yReactionRelief10,"Y reply: relief, variant 10.",,"If that is the standard we are cheering, we are in trouble.","Jestli tleskáme tomuhle, je zle."
yReactionRelief11,"Y reply: relief, variant 11.",,"Scraping through is a habit, and it is not a good one.","Protloukat se je zvyk, a špatný."
yReactionFury0,Y feed: a fury reply under somebody else's post.,,Not good enough. Not remotely.,Málo. Ani zdaleka to nestačí.
yReactionFury1,Y feed: a fury reply under somebody else's post.,,Somebody explain that to me slowly.,Ať mi to někdo vysvětlí. Pomalu.
yReactionFury2,Y feed: a fury reply under somebody else's post.,,That is a hard watch and I am being polite.,Tohle se špatně sleduje a jsem ještě slušný.
yReactionFury3,Y feed: a fury reply under somebody else's post.,,Disappointed. Genuinely disappointed.,Zklamání. Opravdové zklamání.
yReactionFury4,Y feed: a fury reply under somebody else's post.,,Absolute state of this.,Tohle je fakt bída.
yReactionFury5,Y feed: a fury reply under somebody else's post.,,I want names.,Chci jména.
yReactionFury6,"Y reply: fury, variant 6.",,Deleting the app. Reinstalling Thursday.,Mažu aplikaci. Ve čtvrtek ji stáhnu zpátky.
yReactionFury7,"Y reply: fury, variant 7.",,Nobody out there looked like they wanted it.,"Nikdo tam nevypadal, že by o to stál."
yReactionFury8,"Y reply: fury, variant 8.",,"Every four years, the same. EVERY four years.",Každé čtyři roky to samé. KAŽDÉ čtyři roky.
yReactionFury9,"Y reply: fury, variant 9.",,"That is not a performance, it is an insult.","To nebyl výkon, to byla urážka."
yReactionFury10,"Y reply: fury, variant 10.",,People give up weekends and money for that. Think about it.,Lidé kvůli tomu obětují víkendy a peníze. Zamyslete se.
yReactionFury11,"Y reply: fury, variant 11.",,I have defended this side for years. Not tonight. Not after that.,Bránil jsem tenhle tým roky. Dneska ne. Po tomhle ne.
yReactionDespair0,Y feed: a despair reply under somebody else's post.,,well.,tak.
yReactionDespair1,Y feed: a despair reply under somebody else's post.,,No jokes today. Nothing.,Dneska bez vtipů. Vůbec nic.
yReactionDespair2,Y feed: a despair reply under somebody else's post.,,Going for a walk. A long one.,Jdu se projít. Na dlouho.
yReactionDespair3,Y feed: a despair reply under somebody else's post.,,I have run out of ways to say this.,Došla mi slova.
yReactionDespair4,Y feed: a despair reply under somebody else's post.,,Wake me in four years.,Vzbuďte mě za čtyři roky.
yReactionDespair5,Y feed: a despair reply under somebody else's post.,,this is the darkest timeline,tohle je ta nejhorší verze reality
yReactionDespair6,"Y reply: despair, variant 6.",,Not even angry any more. That is the worrying part.,Už ani vztek. To je na tom to nejhorší.
yReactionDespair7,"Y reply: despair, variant 7.",,"Same feeling, different year.","Stejný pocit, jiný rok."
yReactionDespair8,"Y reply: despair, variant 8.",,"I do not know what this is any more, but it is not a football team.","Nevím, co to je, ale fotbalový tým to není."
yReactionDespair9,"Y reply: despair, variant 9.",,"We are further away than we were, and nobody will say it.",Jsme dál než dřív a nikdo to nahlas neřekne.
yReactionDespair10,"Y reply: despair, variant 10.",,A whole generation wasted and the same people decide what happens next.,Promarněná generace a rozhodovat budou ti samí lidé.
yReactionDespair11,"Y reply: despair, variant 11.",,Stop telling me it is a process. It is not going anywhere.,"Neříkejte mi, že je to proces. Nikam to nevede."
yReactionSmugness0,Y feed: a smugness reply under somebody else's post.,,"Quietly, but: told you.","Potichu, ale: říkal jsem to."
yReactionSmugness1,Y feed: a smugness reply under somebody else's post.,,bookmark this one,tohle si uložte
yReactionSmugness2,Y feed: a smugness reply under somebody else's post.,,The doubters have gone very quiet.,Pochybovači nějak ztichli.
yReactionSmugness3,Y feed: a smugness reply under somebody else's post.,,Not that anybody's counting. I'm counting.,Ne že by to někdo počítal. Já to počítám.
yReactionSmugness4,Y feed: a smugness reply under somebody else's post.,,Said it in January. Check the timeline.,Říkal jsem to v lednu. Zkontrolujte si to.
yReactionSmugness5,Y feed: a smugness reply under somebody else's post.,,Some of you owe some of us an apology.,Někteří z vás nám dluží omluvu.
yReactionSmugness6,"Y reply: smugness, variant 6.",,Filing this under things I mentioned first.,Zakládám do složky „říkal jsem to první“.
yReactionSmugness7,"Y reply: smugness, variant 7.",,No gloating. A little gloating.,Žádné vytahování. Trochu vytahování.
yReactionSmugness8,"Y reply: smugness, variant 8.",,Where are all the experts now? Genuine question.,Kde jsou teď všichni odborníci? Vážná otázka.
yReactionSmugness9,"Y reply: smugness, variant 9.",,I would like every single one of you to say it back to me.,Chci to od každého z vás slyšet nahlas.
yReactionSmugness10,"Y reply: smugness, variant 10.",,"Screenshot, printed, framed, sent to the people who laughed.","Screenshot, vytisknout, zarámovat, poslat těm, co se smáli."
yReactionSmugness11,"Y reply: smugness, variant 11.",,I will be bringing this up for the rest of my life and you have earned it.,Budu to připomínat do konce života a zasloužíte si to.
yReactionShrug0,Y feed: a shrug reply under somebody else's post.,,it happened. next.,stalo se. jedeme dál.
yReactionShrug1,Y feed: a shrug reply under somebody else's post.,,Fine. Whatever. Onwards.,Dobře. Nevadí. Dál.
yReactionShrug2,Y feed: a shrug reply under somebody else's post.,,Filing this one under 'football'.,Zařazuju do složky „fotbal“.
yReactionShrug3,Y feed: a shrug reply under somebody else's post.,,Genuinely nothing to add.,Vážně nemám co dodat.
yReactionShrug4,Y feed: a shrug reply under somebody else's post.,,"no thoughts, head empty","žádné myšlenky, prázdno"
yReactionShrug5,Y feed: a shrug reply under somebody else's post.,,Wake me for the next one.,Vzbuďte mě na další.
yReactionShrug6,"Y reply: shrug, variant 6.",,That is ninety minutes I am not getting back.,"To je devadesát minut, co už mi nikdo nevrátí."
yReactionShrug7,"Y reply: shrug, variant 7.",,"Neither here nor there, really.","Ani ryba, ani rak."
yReactionShrug8,"Y reply: shrug, variant 8.",,Could not tell you a single thing that happened.,"Neuměl bych říct jedinou věc, co se stalo."
yReactionShrug9,"Y reply: shrug, variant 9.",,Another one of those. There are a lot of those.,Zase jeden z těch. Těch je hodně.
yReactionShrug10,"Y reply: shrug, variant 10.",,I watched all of it and felt nothing at all.,Viděl jsem to celé a necítil vůbec nic.
yReactionShrug11,"Y reply: shrug, variant 11.",,"If nobody mentions this again, that is fine by me.","Jestli to už nikdo nezmíní, budu jen rád."
tourThirdsUneven,Best-third-placed table: why some results are dropped.,,"Groups are uneven, so results against each big group's bottom side are dropped and every team is judged over the same games.","Skupiny nejsou stejně velké, takže výsledky proti poslednímu týmu větších skupin se nezapočítávají a všechny týmy se hodnotí podle stejného počtu zápasů."
gateTitle,Premium gate: headline at the end of the free cycle.,,YOUR FIRST CYCLE IS OVER,PRVNÍ CYKLUS KONČÍ
gateLead,Premium gate: the pitch under the headline.,,"Four years, and nothing was held back. Carry this save on for one payment.",Čtyři roky a nic vám nebylo zatajeno. Pokračujte v této hře za jednu platbu.
gateBenefitEndless,Premium gate benefit.,,Every cycle from here on,Každý další cyklus
gateBenefitNations,Premium gate benefit.,,Every nation in the world,Všechny země světa
gateBenefitOffline,Premium gate benefit.,,"No subscription, no ads, no account","Žádné předplatné, žádné reklamy, žádný účet"
gatePriceLead,Premium gate: the line above the price.,,"One payment, forever","Jedna platba, navždy"
gatePrice,Premium gate: the price. Placeholder until the store's own localised price is wired in.,,€12.99,"12,99 €"
gateBuy,Premium gate: the button that continues the career.,,BUY AND CONTINUE,KOUPIT A POKRAČOVAT
gateExit,Premium gate: the button that leaves the save.,,EXIT,ODEJÍT
gateNotChargedYet,Premium gate: an honest note while the store is not wired up.,,Not connected to payment yet. This button just continues.,Zatím není napojeno na platbu. Tlačítko jen pokračuje dál.
backupTitle,Settings: heading for the backup section.,,SAVES,ULOŽENÉ HRY
backupBlurb,Settings: what the backup section is for.,,Every save lives in one file on this phone. Export a copy so a lost or reinstalled phone does not cost you a career.,"Všechny uložené hry jsou v jednom souboru v tomto telefonu. Vytvořte si zálohu, aby vás ztráta nebo přeinstalace telefonu nestála kariéru."
backupExport,Settings: the export button.,,EXPORT A BACKUP,EXPORTOVAT ZÁLOHU
backupExportSubject,Subject line when the exported save is shared.,,FNM saves,Uložené hry FNM
backupRestore,Settings: the restore button.,,RESTORE FROM A FILE,OBNOVIT ZE SOUBORU
backupRestoreWarnTitle,Confirmation title before a restore.,,Replace every save?,Nahradit všechny uložené hry?
backupRestoreWarnBody,Confirmation body before a restore.,,Restoring replaces every save on this phone with the ones in the file. The app will restart.,Obnovení nahradí všechny uložené hry v tomto telefonu těmi ze souboru. Aplikace se restartuje.
backupRestoreConfirm,Confirmation button for a restore.,,REPLACE,NAHRADIT
backupCancel,Dismisses the restore confirmation.,,CANCEL,ZRUŠIT
backupExported,Snackbar after a successful export.,,Backup ready. Choose where to keep it.,"Záloha je připravená. Vyberte, kam ji uložit."
backupFailed,Snackbar when an export fails.,,Could not write the backup.,Zálohu se nepodařilo vytvořit.
backupRejectedUnreadable,Restore refused: not a readable database.,,That file could not be opened.,Tento soubor nelze otevřít.
backupRejectedNotFnm,"Restore refused: a database, but not ours.",,That is not an FNM save.,Tohle není uložená hra FNM.
backupRejectedNewer,Restore refused: the backup is from a later build.,,That save was made by a newer version of the app. Update first.,Tato záloha pochází z novější verze aplikace. Nejprve aplikaci aktualizujte.
backupRejectedTooOld,Restore refused: older than the migration path reaches.,,That save is too old to be restored by this version.,"Tato záloha je příliš stará, tato verze ji nedokáže obnovit."
careerShare,Saves list: tooltip on the per-career export button.,,Share this career,Sdílet tuto kariéru
careerImport,Saves list: the button that adds a career from a file.,,IMPORT A CAREER,IMPORTOVAT KARIÉRU
careerShareSubject,Subject line when a single career is shared.,,An FNM career,Kariéra ve FNM
careerImported,Snackbar after a career has been added from a file.,,Career imported.,Kariéra byla importována.
careerImportFailedUnreadable,Import refused: unreadable bundle.,,That file is not an FNM career.,Tento soubor není kariéra FNM.
careerImportFailedNewer,Import refused: the bundle is from a later build.,,That career was exported by a newer version of the app. Update first.,Tato kariéra byla exportována novější verzí aplikace. Nejprve aplikaci aktualizujte.
careerShareFailed,Snackbar when a per-career export fails.,,Could not export that career.,Kariéru se nepodařilo exportovat.
managerTitle,Manager screen: app bar title.,,MANAGER,TRENÉR
managerSkills,Manager screen: skills section heading.,,YOUR SKILLS,VAŠE SCHOPNOSTI
managerPointsAvailable,Manager screen: unspent skill points.,"PLURAL — keep the {count, plural, …} skeleton exactly; translate only the words inside the branches","{count, plural, =0{No points to spend} one{1 point to spend} other{{count} points to spend}}","{count, plural, =0{Žádné body k rozdělení} one{1 bod k rozdělení} few{{count} body k rozdělení} other{{count} bodů k rozdělení}}"
managerPointsHow,Manager screen: how points are earned.,,"Two points for every cycle you complete, one for every trophy you win.","Dva body za každý dokončený cyklus, jeden za každou vyhranou trofej."
managerSkillsScale,"Manager screen: how the skill scale works, above the four skills.",,Every skill starts at 5 and stops at 20. A point spent is permanent.,Každá dovednost začíná na 5 a končí na 20. Vložený bod je trvalý.
managerSkillManManagement,Manager skill name.,,Man Management,Vedení lidí
managerSkillManManagementBlurb,Manager skill effect.,,Each point makes what you say to the press and to your players land 3% harder in the dressing room.,"Každý bod zvýší o 3 %, jak silně na kabinu působí to, co řeknete novinářům i hráčům."
managerSkillTactical,Manager skill name.,,Tactical,Taktika
managerSkillTacticalBlurb,Manager skill effect.,,"Each point beds a new formation in 3% faster, so changing shape costs you fewer matches.","Každý bod o 3 % zrychlí zažití nové formace, takže změna rozestavení stojí méně zápasů."
managerSkillYouth,Manager skill name.,,Youth Development,Práce s mládeží
managerSkillYouthBlurb,Manager skill effect.,,"Each point adds 1% to the talent coming out of your academy, on top of what you fund it with.","Každý bod přidá 1 % k talentu vycházejícímu z akademie, nad rámec toho, co do ní vložíte."
managerSkillNegotiation,Manager skill name.,,Negotiation,Vyjednávání
managerSkillNegotiationBlurb,Manager skill effect.,,"Each point is 2% more money out of the federation, every cycle.","Každý bod znamená o 2 % více peněz od federace, každý cyklus."
managerStaff,Manager screen: staff section heading.,,YOUR STAFF,VÁŠ REALIZAČNÍ TÝM
managerStaffWages,Manager screen: the standing staff cost.,{amount},Wages: {amount} per cycle,Mzdy: {amount} za cyklus
managerRoleAssistant,Staff role.,,Assistant Manager,Asistent trenéra
managerRoleAssistantBlurb,Staff role effect.,,"Runs the training: fewer injuries, and better youngsters coming through.",Vede tréninky: méně zranění a lepší mladí hráči.
managerRoleScout,Staff role.,,Chief Scout,Hlavní skaut
managerRoleScoutBlurb,Staff role effect.,,Watches the world's teenagers. Nothing he reports reaches your squad yet.,Sleduje mladé hráče po celém světě. Jeho zprávy se k týmu zatím nedostanou.
managerRoleFitness,Staff role.,,Fitness Coach,Kondiční trenér
managerRoleFitnessBlurb,Staff role effect.,,Keeps them on the pitch.,Udrží hráče na hřišti.
staffEffectInjury,"What the fitness coach in the job is doing, in injury rate.",{percent},{percent}% fewer injuries,O {percent} % méně zranění
staffEffectYouth,What the assistant's hours with the youngest players are worth on the next intake.,{points},Youngsters +{points} overall,Mladíci +{points} na celkovém
staffHiringInjury,What filling the vacant fitness coach job would be worth.,{min} {max},Hiring one: {min}% to {max}% fewer injuries,Po najmutí: o {min} až {max} % méně zranění
staffHiringYouth,Second line of what filling the vacant assistant job would be worth.,{minPoints} {maxPoints},and youngsters +{minPoints} to +{maxPoints} overall,a mladíci +{minPoints} až +{maxPoints} na celkovém
staffEffectNone,Shown against a staff role that is wired to nothing in the game.,,No effect on your squad yet,Na tým zatím nemá žádný vliv
staffVacant,Shown against a staff role with nobody hired.,,Nobody in the job,Místo je neobsazené
staffLeaveVacant,Option in the staff picker that hires nobody.,,Leave the job empty,Nechat místo neobsazené
managerTierNone,Staff quality tier.,,None,Nikdo
managerTierBasic,Staff quality tier.,,Basic,Základní
managerTierGood,Staff quality tier.,,Good,Dobrý
managerTierElite,Staff quality tier.,,Elite,Špičkový
managerFree,Cost of hiring nobody.,,free,zdarma
managerTraining,Manager screen: training focus section heading.,,BETWEEN WINDOWS,MEZI SRAZY
managerTrainingBlurb,Manager screen: what the training focus is.,,What the squad works on when there is no match to play.,"Na čem tým pracuje, když se zrovna nehraje."
managerFocusBalanced,Training focus.,,Balanced,Vyvážený
managerFocusBalancedBlurb,Training focus effect.,,A bit of everything.,Od každého něco.
managerFocusFitness,Training focus.,,Fitness,Kondice
managerFocusFitnessBlurb,Training focus effect.,,Fewer knocks.,Méně zranění.
managerFocusCohesion,Training focus.,,Cohesion,Sehranost
managerFocusCohesionBlurb,Training focus effect.,,The shape beds in faster.,Rozestavení si sedne rychleji.
managerFocusYouth,Training focus.,,Youth,Mládež
managerFocusYouthBlurb,Training focus effect.,,Hours with the youngest in the pool.,Hodiny s nejmladšími hráči.
tourOfferTitle,Guided tour string.,,First time here?,Poprvé tady?
tourOfferBody,Guided tour string.,,"This is a big game. Want a quick walk through the screens that matter? It takes a minute, and you can start it again any time from Settings.","Tahle hra toho umí hodně. Chcete rychle provést obrazovkami, na kterých záleží? Zabere to minutu a kdykoli to můžete spustit znovu v Nastavení."
tourOfferYes,Guided tour string.,,Show me around,Proveďte mě
tourOfferNo,Guided tour string.,,No thanks,Teď ne
tourBack,Guided tour string.,,Back,Zpět
tourNext,Guided tour string.,,Next,Dál
tourDone,Guided tour string.,,Done,Hotovo
tourSkip,Guided tour string.,,Skip,Přeskočit
tourHubTitle,Guided tour string.,,This is the whole game,Tohle je celá hra
tourHubBody,Guided tour string.,,"One button, and it changes as the cycle moves: a draw to watch, a squad to name, a match to play. Above it sit the board's confidence in you and the objectives they have set.","Jedno tlačítko, které se mění podle toho, kde je cyklus: los k vidění, nominace, zápas. Nad ním je důvěra vedení a cíle, které vám dalo."
tourBudgetTitle,Guided tour string.,,The federation's money,Peníze federace
tourBudgetBody,Guided tour string.,,"Once every four-year cycle you split the war chest between the departments. Your staff are paid out of it first, so hiring an elite scout is a decision you make against the academy, not alongside it.","Jednou za čtyřletý cyklus rozdělíte rozpočet mezi oddělení. Nejdřív se z něj platí štáb, takže špičkový skaut je rozhodnutí proti akademii, ne vedle ní."
tourTacticsTitle,Guided tour string.,,How the side plays,Jak tým hraje
tourTacticsBody,Guided tour string.,,"Your shape, your way of playing, your captain and who takes the set pieces. Leave the last two unset and the game will warn you before kick-off rather than quietly picking for you.","Rozestavení, styl hry, kapitán a exekutoři standardek. Poslední dvě věci nemusíte nastavit. Hra vás před výkopem upozorní, místo aby za vás tiše vybrala."
tourSquadTitle,Guided tour string.,,Everyone you can pick,"Všichni, koho můžete vzít"
tourSquadBody,Guided tour string.,,"The whole pool, not just the squad: who is in form, who is carrying a knock, who is banned, and who has just come through the academy.","Celý kádr, ne jen nominace: kdo je ve formě, kdo se doléčuje, kdo má stopku a kdo právě prošel akademií."
tourCallUpsTitle,Guided tour string.,,Naming a squad,Nominace
tourCallUpsBody,Guided tour string.,,"You name one squad per international window and it plays every match of that window, exactly as a real manager does. An injury inside the window pulls in a replacement for you.","Nominujete jednou na reprezentační okno a ta soupiska odehraje všechny zápasy okna, přesně jako skutečný trenér. Zranění uvnitř okna za vás doplní náhradník."
tourRecordsTitle,Guided tour string.,,Your career,Vaše kariéra
tourRecordsBody,Guided tour string.,,"Everything you have done: the matches, the team records, the trophies, and every nation you have managed.","Všechno, co jste dokázali: zápasy, týmové rekordy, trofeje a každý národ, který jste vedli."
tourCupsTitle,Guided tour string.,,The rest of the world,Zbytek světa
tourCupsBody,Guided tour string.,,"Every competition running right now: groups, standings and knockouts, including the ones you are not in. The world keeps playing whether or not you qualified.","Všechny soutěže, které právě běží: skupiny, tabulky i vyřazovací fáze, včetně těch, kde nejste. Svět hraje dál, ať jste postoupili nebo ne."
settingsTourTitle,Guided tour string.,,Replay the tutorial,Spustit tutoriál znovu
settingsTourBlurb,Guided tour string.,,Walk through the key screens again from the start.,Znovu si projděte klíčové obrazovky od začátku.
tourBoardTitle,Guided tour string.,,Who you answer to,Komu se zodpovídáte
tourBoardBody,Guided tour string.,,"The board's confidence in you, and the objectives they have set for this cycle. Miss the brief and this is where you will see it coming.","Důvěra vedení a cíle, které vám na tenhle cyklus dalo. Když je neplníte, poznáte to právě tady."
tourStaffTitle,Guided tour string.,,The people around you,Lidé kolem vás
tourStaffBody,Guided tour string.,,"An assistant, a scout and a fitness coach, hired by name. Their wages come out of this budget before the departments do, so a great scout is a decision against the academy.","Asistent, skaut a kondiční trenér, každý jmenovitě. Jejich mzdy se platí z tohohle rozpočtu dřív než oddělení, takže špičkový skaut je rozhodnutí proti akademii."
tourPlaystyleTitle,Guided tour string.,,Your way of playing,Jak chcete hrát
tourPlaystyleBody,Guided tour string.,,"The shape is only half a tactic. This is the other half: how high you press, how direct you are, how much you risk.","Rozestavení je jen půlka taktiky. Tohle je ta druhá: jak vysoko napadáte, jak přímočaře hrajete, kolik riskujete."
settingsTourNoSave,Guided tour string.,,Start a career first. The walk through visits your own screens.,Nejdřív si založte kariéru. Průvodce prochází vaše vlastní obrazovky.
tacticsOutOfPositionAge,"Sub picker: an out-of-position candidate, with his age.",{age},Out of position · Age {age},Mimo pozici · Věk {age}
federationNextCycleLocked,"Finances: says the next cycle's budget is decided at its start, not here.",,"The next cycle's budget is set at the start of that cycle, in one go. Until then this is what your money is doing.","Rozpočet na další cyklus se rozděluje na jeho začátku, najednou. Do té doby tady vidíte, co vaše peníze dělají."
federationBudgetAlreadySet,Budget screen: the allocation for this cycle is already committed.,,Already set for this cycle,Pro tenhle cyklus už je rozdělený
yFinalLooms0,Y feed: anticipation before a final.,{opponent},"It's {opponent} for the big one. All week, this is all anybody is going to talk about.",Je to {opponent} a jde se o všechno. Celý týden se nebude mluvit o ničem jiném.
yFinalLooms1,Y feed: anticipation before a final.,{opponent},Confirmed: {opponent} stand between us and it. Four years for this.,Potvrzeno: mezi námi a tím stojí {opponent}. Čtyři roky kvůli tomuhle.
yFinalLooms2,Y feed: anticipation before a final.,{opponent},Right. {opponent}. Nobody sleeps until this is over.,"Tak jo. {opponent}. Dokud tohle neskončí, nikdo nespí."
yFinalLooms3,Y feed: anticipation before a final.,{opponent},"{opponent} next, and everything else can wait. What a week to be alive.",Další je {opponent} a všechno ostatní počká. To je týden.
friendliesLikeYourGroup,Friendlies: why these opponents are suggested first.,{rivals},"Marked below: sides who play like {rivals}, who you have drawn.",Označené jsou týmy podobné soupeřům ze skupiny: {rivals}.
newsTransferWindowTitle,"Inbox: the window's transfers, as one report.",{year},Transfer window · {year},Přestupní okno · {year}
careerLastAgo,"Saves list: how long since this save was opened, in one short unit.",{when},Last {when} ago,Naposledy před {when}
settingsFreeScopeTitle,Settings: what the free game covers.,,One free four-year cycle,Jeden čtyřletý cyklus zdarma
settingsFreeScopeBlurb,Settings: what the free game covers.,,"A complete cycle (qualifying, your continental championship and the World Championship) with nothing held back. Carrying a save on past it is a single payment, once, and it covers every save and every future update.","Celý cyklus (kvalifikace, kontinentální šampionát i mistrovství světa) bez jakéhokoli omezení. Pokračovat s uloženou hrou dál je jednorázová platba, jednou, a platí pro všechny uložené hry i všechny budoucí aktualizace."
settingsUnlockedTitle,Settings: what the free game covers.,,Unlocked,Odemčeno
settingsUnlockedBlurb,Settings: what the free game covers.,,"Unlimited careers, every nation, ten save slots and every future update. Thank you.","Neomezené kariéry, všechny národy, deset pozic pro uložení a všechny budoucí aktualizace. Děkujeme."
friendliesLikeYourCampaign,"Friendlies: why these opponents are suggested first, when the group is a qualifying campaign rather than a finals draw.",{rivals},"Marked below: sides who play like {rivals}, who you still have to face.","Označené jsou týmy podobné soupeřům, kteří vás ještě čekají: {rivals}."
friendliesCloseToYou,"Friendlies: why these opponents are suggested first, before anything is drawn.",,"Marked below: the sides closest to you in the world ranking. Once you are drawn, the marks follow your group.","Označené jsou týmy nejblíž vám ve světovém žebříčku. Až vás vylosují, budou označovány podle vaší skupiny."
transfersMoves,Transfer report: how many moves the window held.,"PLURAL — keep the {count, plural, …} skeleton exactly; translate only the words inside the branches","{count, plural, =1{1 move} other{{count} moves}}","{count, plural, =1{1 přestup} few{{count} přestupy} other{{count} přestupů}}"
transfersRange,Transfer report: which slice of the moves is on screen.,{from} {to} {total},{from}–{to} of {total},{from}–{to} z {total}
hubRoundPage,Round-results popup: which page of a long matchday is shown.,{page} {pages},{page} / {pages},{page} / {pages}
transfersNewer,Transfer report: previous page of moves.,,Newer,Novější
transfersOlder,Transfer report: next page of moves.,,More,Další
transfersUnknownClub,Transfer report: stands in for a side of the move whose club the report does not name.,,Unknown club,Neznámý klub
yAgainstThemAgain0,"Y post: againstThemAgain, variant 0.",{count} {opponent},"That is {count} times against {opponent} now. Somebody is keeping score, and it is them.","To už je {count}. proti {opponent}. Někdo si to počítá, a jsou to oni."
yAgainstThemAgain1,"Y post: againstThemAgain, variant 1.",{opponent} {count},"{opponent} again. {count} meetings, and we still have not worked them out.",Zase {opponent}. {count} zápasů a pořád na ně nemáme recept.
yAgainstThemAgain2,"Y post: againstThemAgain, variant 2.",{count} {opponent},Number {count} against {opponent}. This has stopped being a coincidence.,Číslo {count} proti {opponent}. Tohle už není náhoda.
yAgainstThemAgain3,"Y post: againstThemAgain, variant 3.",{opponent} {count},We have played {opponent} {count} times and learned nothing from any of them.,Hráli jsme s {opponent} {count}krát a ani jednou jsme se nepoučili.
yAgainstThemAgain4,"Y post: againstThemAgain, variant 4.",{opponent} {count},"{opponent}, {count} times. They know exactly what we are going to do.","{opponent}, {count}krát. Přesně vědí, co uděláme."
yAgainstThemAgain5,"Y post: againstThemAgain, variant 5.",{opponent} {count},"Whatever {opponent} have on us, {count} meetings in, they still have it.","Ať na nás {opponent} má cokoli, po {count} zápasech to má pořád."
ySameOldStory0,"Y post: sameOldStory, variant 0.",{count},That is the {count}th time this has happened lately. At what point is it just what we are?,To je poslední dobou už po {count}. Odkdy to prostě nejsme my?
ySameOldStory1,"Y post: sameOldStory, variant 1.",{count},"{count} afternoons like this now. It is a pattern, not a run of luck.","Už {count} takových odpolední. To je vzorec, ne smůla."
ySameOldStory2,"Y post: sameOldStory, variant 2.",{count},"We have seen this exact game {count} times recently. Same script, same ending.","Přesně tenhle zápas jsme viděli {count}krát. Stejný scénář, stejný konec."
ySameOldStory3,"Y post: sameOldStory, variant 3.",{count},The {count}th version of the same ninety minutes. Nobody is fixing it.,{count}. verze těch samých devadesáti minut. Nikdo to neřeší.
ySameOldStory4,"Y post: sameOldStory, variant 4.",{count},{count} times. If you cannot see the pattern by now you are not looking.,"{count}krát. Kdo v tom po tomhle nevidí systém, nedívá se."
ySameOldStory5,"Y post: sameOldStory, variant 5.",{count},"Same story, {count} times over. The excuses have run out before the results did.","Stejný příběh, {count}krát. Výmluvy došly dřív než výsledky."
yToldYouSo0,"Y post: toldYouSo, variant 0.",,I said this was coming while everybody was busy celebrating.,"Říkal jsem, že to přijde, zatímco všichni slavili."
yToldYouSo1,"Y post: toldYouSo, variant 1.",,Two good weeks and we were a golden generation again. And here we are.,Dva dobré týdny a byli jsme zase zlatá generace. A jsme tady.
yToldYouSo2,"Y post: toldYouSo, variant 2.",,The people telling me to enjoy it last month have gone quiet.,"Ti, co mi minulý měsíc říkali, ať si to užívám, ztichli."
yToldYouSo3,"Y post: toldYouSo, variant 3.",,I take no pleasure in this. Very little pleasure. Some.,Nemám z toho radost. Skoro žádnou. Trochu.
yToldYouSo4,"Y post: toldYouSo, variant 4.",,"It was never as good as they told you, and this is the proof.","Nikdy to nebylo tak dobré, jak vám tvrdili, a tohle je důkaz."
yToldYouSo5,"Y post: toldYouSo, variant 5.",,"Every time. We are told it is different, and every time it is not.","Pokaždé. Tvrdí nám, že teď je to jiné, a pokaždé není."
pressAskAbove,Press conference line.,,"Nobody expected this side to be where it is. Is it real, or is it a good few months?","Nikdo nečekal, že tenhle tým bude tam, kde je. Je to skutečné, nebo jen pár dobrých měsíců?"
pressAskAbove2,Press conference line.,,You are getting results against sides ranked well above you. How?,"Sbíráte body proti týmům, které jsou v žebříčku vysoko nad vámi. Jak?"
pressAskAbove3,Press conference line.,,Every neutral has you overachieving. Does that description annoy you?,Podle všech neutrálních hrajete nad své možnosti. Vadí vám to označení?
pressAskAbove4,Press conference line.,,This squad is punching above its weight. What happens when it stops?,"Tenhle kádr hraje nad poměry. Co se stane, až to přestane?"
pressAskAbove5,Press conference line.,,You keep beating teams you have no business beating. What have you found?,"Porážíte týmy, na které nemáte. Co jste našli?"
pressAskAbove6,Press conference line.,,People are starting to take this seriously. Are you?,Lidé to začínají brát vážně. Berete to vážně i vy?
pressAskAbove7,Press conference line.,,"Is this side better than the ranking says, or are you catching people out?","Je ten tým lepší, než říká žebříček, nebo soupeře jen zaskočíte?"
pressAskAbove8,Press conference line.,,How long can a group like this keep this up?,Jak dlouho tohle taková parta udrží?
pressAskFlattered,Press conference line.,,You are winning without convincing anybody. Does that worry you?,"Vyhráváte, ale nikoho nepřesvědčujete. Znepokojuje vás to?"
pressAskFlattered2,Press conference line.,,Another narrow one against a side you should be beating comfortably. Why is it so hard?,"Zase těsně proti týmu, který byste měli přejet. Proč je to tak těžké?"
pressAskFlattered3,Press conference line.,,"Three points, and not much else. Is that enough for you?",Tři body a moc dalšího ne. Stačí vám to?
pressAskFlattered4,Press conference line.,,You got away with that. Would you agree?,Prošlo vám to. Souhlasíte?
pressAskFlattered5,Press conference line.,,The results are there and the performances are not. Which one are you judging yourself on?,"Výsledky jsou, výkony ne. Podle čeho se hodnotíte vy?"
pressAskFlattered6,Press conference line.,,Sides that ride their luck this often usually run out of it. Are you worried?,"Týmům, které takhle často spoléhají na štěstí, obvykle dojde. Máte obavy?"
pressAskFlattered7,Press conference line.,,That was hard work for what it was. What is missing?,"Na to, o co šlo, to byla dřina. Co chybí?"
pressAskFlattered8,Press conference line.,,"Do you care how you win, or only that you win?","Záleží vám na tom, jak vyhrajete, nebo jen že vyhrajete?"
pressAskCrisis,Press conference line.,,Bad results and a board that has stopped defending you. How bad is it?,"Špatné výsledky a vedení, které vás přestalo bránit. Jak zlé to je?"
pressAskCrisis2,Press conference line.,,Nobody upstairs will say your name. Do you still have their backing?,Nahoře nikdo nevysloví vaše jméno. Máte pořád jejich podporu?
pressAskCrisis3,Press conference line.,,The results are poor and the silence from above is loud. What now?,Výsledky jsou slabé a ticho shora je hlasité. Co teď?
pressAskCrisis4,Press conference line.,,This has gone past a bad run. Do you accept that?,Tohle už není jen špatná série. Připouštíte to?
pressAskCrisis5,Press conference line.,,You are losing the room and the boardroom at the same time. Which worries you more?,Ztrácíte kabinu i kanceláře najednou. Co vás trápí víc?
pressAskCrisis6,Press conference line.,,Is there a point at which you would walk?,"Existuje bod, kdy byste sám odešel?"
pressAskCrisis7,Press conference line.,,What do you say to people who think this has run its course?,"Co řeknete lidem, podle kterých je tohle u konce?"
pressAskCrisis8,Press conference line.,,Give us one reason to believe this turns around.,"Dejte nám jeden důvod věřit, že se to otočí."
tacticsSubOffAlready,Marker under a squad row for a player who has already been taken off this match.,,Already off,Už vystřídán
tacticsSubInjured,Marker under a squad row for a player hurt in this match.,,Injured,Zraněný
tacticsSubNoneLeft,Marker under a squad row when the side has spent every change it has.,,No changes left,Došla střídání
tacticsUndoLastChange,Button in the in-match lineup tab that takes back the last change made in this sheet.,,Undo last change,Vrátit změnu
matchStrengthTitle,"Heading over the pre-match panel listing what is helping or hurting the manager's side, in rating points.",,WHAT IS MOVING THE SIDE,CO OVLIVŇUJE TÝM
strengthFactorFamiliarity,Pre-match strength line: how well the side knows the formation it is lining up in.,,Drilled shape,Nacvičené rozestavení
strengthFactorFatigue,"Pre-match strength line: what fatigue and recent form are costing the squad, per man named.",,Tired legs,Únava
strengthFactorClubForm,"Pre-match strength line: where the squad stands at their clubs, per man named.",,Club form,Forma v klubu
strengthFactorMorale,Pre-match strength line: squad morale.,,Dressing room,Nálada v kabině
strengthFactorCaptain,Pre-match strength line: what the armband is worth.,,Captain,Kapitán
strengthFactorStaff,Pre-match strength line: what the hired staff are worth to this match.,,Staff room,Realizační tým
